{"loss":{"0":0.6254213452,"1":0.4278636873,"2":0.3278224766,"3":0.3081372082,"4":0.2581220567,"5":0.2365097255,"6":0.2235340327,"7":0.207201615,"8":0.201176554,"9":0.1924727112,"10":0.1889659464,"11":0.174645409,"12":0.1800480336},"accuracy":{"0":0.6384270787,"1":0.806232512,"2":0.8659620285,"3":0.8771269321,"4":0.9043709636,"5":0.9137265682,"6":0.918477118,"7":0.9264507294,"8":0.9287282825,"9":0.9321058989,"10":0.9358836412,"11":0.9393612742,"12":0.9395794868},"lr":{"0":0.0009999952,"1":0.0009999952,"2":0.0009999952,"3":0.0009999952,"4":0.0009999952,"5":0.0009999952,"6":0.0009999952,"7":0.0009999952,"8":0.0009999952,"9":0.0009999952,"10":0.0009999952,"11":0.0009999952,"12":0.0009999952},"val_loss":{"0":0.6090636253,"1":0.8517873287,"2":0.3202451468,"3":0.243403405,"4":0.4704755843,"5":0.1703892797,"6":0.2261793762,"7":0.1575705111,"8":0.2459767759,"9":0.1364492327,"10":0.1615412533,"11":0.1858590543,"12":0.1761665642},"val_accuracy":{"0":0.6743834615,"1":0.6569451094,"2":0.8679236174,"3":0.906316638,"4":0.8494988084,"5":0.9416865706,"6":0.9150676131,"7":0.948210001,"8":0.9209705591,"9":0.9547653198,"10":0.9482895732,"11":0.9394590259,"12":0.9474303722},"val_lr":{"0":0.0010000006,"1":0.0010000006,"2":0.0010000006,"3":0.0010000006,"4":0.0010000006,"5":0.0010000006,"6":0.0010000006,"7":0.0010000006,"8":0.0010000006,"9":0.0010000006,"10":0.0010000006,"11":0.0010000006,"12":0.0010000006}}