{"loss":{"0":0.5975530148,"1":0.4236194193,"2":0.3250589073,"3":0.2897702754,"4":0.2574122846,"5":0.2436982244,"6":0.2440805137},"accuracy":{"0":0.6685259938,"1":0.8107466698,"2":0.8689169288,"3":0.887778163,"4":0.9024934769,"5":0.9093942642,"6":0.9078986049},"lr":{"0":0.0009999952,"1":0.0009999952,"2":0.0009999952,"3":0.0009999952,"4":0.0009999952,"5":0.0009999952,"6":0.0009999952},"val_loss":{"0":0.4689259231,"1":0.4111597538,"2":0.2484153062,"3":0.2133169472,"4":0.1948330998,"5":0.314138025,"6":0.1748235226},"val_accuracy":{"0":0.7717581391,"1":0.8188862205,"2":0.9039777517,"3":0.9237072468,"4":0.9325059652,"5":0.8599045277,"6":0.938472569},"val_lr":{"0":0.0010000006,"1":0.0010000006,"2":0.0010000006,"3":0.0010000006,"4":0.0010000006,"5":0.0010000006,"6":0.0010000006}}