{"loss":{"0":0.6616305709,"1":0.5291268826,"2":0.4483593404,"3":0.3833936155,"4":0.3273465633,"5":0.2812370658,"6":0.2755402923,"7":0.2481305599,"8":0.2277803421,"9":0.2176284343,"10":0.2069914192,"11":0.1929677576,"12":0.1890280098,"13":0.1816858202,"14":0.1759267896,"15":0.1733079106,"16":0.1660215408,"17":0.1611944288,"18":0.1604431123,"19":0.1557200253,"20":0.146637246,"21":0.1402515024,"22":0.1435834169},"accuracy":{"0":0.6072099209,"1":0.7204409838,"2":0.7858620286,"3":0.832744658,"4":0.8665302992,"5":0.8906239271,"6":0.8948789835,"7":0.907766819,"8":0.9166359901,"9":0.9224457145,"10":0.925950706,"11":0.9307512045,"12":0.9333151579,"13":0.9378747344,"14":0.9395294785,"15":0.9412569404,"16":0.9436253905,"17":0.9460802078,"18":0.9462938905,"19":0.9476531148,"20":0.9510307908,"21":0.9529446363,"22":0.9522718787},"lr":{"0":0.0009999952,"1":0.0009999952,"2":0.0009999952,"3":0.0009999952,"4":0.0009999952,"5":0.0009999952,"6":0.0009999952,"7":0.0009999952,"8":0.0009999952,"9":0.0009999952,"10":0.0009999952,"11":0.0009999952,"12":0.0009999952,"13":0.0009999952,"14":0.0009999952,"15":0.0009999952,"16":0.0009999952,"17":0.0009999952,"18":0.0009999952,"19":0.0009999952,"20":0.0009999952,"21":0.0009999952,"22":0.0009999952},"val_loss":{"0":0.6097678542,"1":0.4864936769,"2":0.4392754138,"3":0.2723688781,"4":0.5730050206,"5":0.2521600723,"6":0.3395281434,"7":0.4693558514,"8":0.2670890987,"9":0.3724584877,"10":0.3106939495,"11":0.1836516857,"12":0.7811939716,"13":0.1477615088,"14":0.1295617819,"15":0.5559022427,"16":0.1207619905,"17":0.1518167257,"18":0.1575582027,"19":0.2319915295,"20":0.1244455352,"21":0.119509235,"22":0.108841449},"val_accuracy":{"0":0.6638663411,"1":0.7575974464,"2":0.7840095758,"3":0.8930310011,"4":0.7375497222,"5":0.902100265,"6":0.8624184728,"7":0.8021320701,"8":0.9032139778,"9":0.8307080269,"10":0.8604614139,"11":0.9362291098,"12":0.6703580022,"13":0.9510262609,"14":0.9589657784,"15":0.7783452868,"16":0.960747838,"17":0.9516468048,"18":0.9483850598,"19":0.9250437617,"20":0.9644232392,"21":0.9646778107,"22":0.9670326114},"val_lr":{"0":0.0010000006,"1":0.0010000006,"2":0.0010000006,"3":0.0010000006,"4":0.0010000006,"5":0.0010000006,"6":0.0010000006,"7":0.0010000006,"8":0.0010000006,"9":0.0010000006,"10":0.0010000006,"11":0.0010000006,"12":0.0010000006,"13":0.0010000006,"14":0.0010000006,"15":0.0010000006,"16":0.0010000006,"17":0.0010000006,"18":0.0010000006,"19":0.0010000006,"20":0.0010000006,"21":0.0010000006,"22":0.0010000006}}