{"loss":{"0":0.5745778084,"1":0.5163726807,"2":0.4536007941,"3":0.3896725476,"4":0.3407266438,"5":0.2910670638,"6":0.2451650202,"7":0.2373708338,"8":0.2620308399},"accuracy":{"0":0.6801818609,"1":0.7306830287,"2":0.7778884172,"3":0.8272439837,"4":0.856688261,"5":0.8837049603,"6":0.9074531198,"7":0.9106944203,"8":0.8986748457},"lr":{"0":0.0009999952,"1":0.0009999952,"2":0.0009999952,"3":0.0009999952,"4":0.0009999952,"5":0.0009999952,"6":0.0009999952,"7":0.0009999952,"8":0.0009999952},"val_loss":{"0":0.5350437164,"1":0.6033301353,"2":0.4277338684,"3":0.3402253687,"4":0.3693365455,"5":0.2175576985,"6":0.184298709,"7":0.3205787539,"8":0.1697164625},"val_accuracy":{"0":0.7075099349,"1":0.6769450903,"2":0.7905170918,"3":0.8687828183,"4":0.8428958058,"5":0.9179157019,"6":0.9364836812,"7":0.8604454994,"8":0.9421161413},"val_lr":{"0":0.0010000006,"1":0.0010000006,"2":0.0010000006,"3":0.0010000006,"4":0.0010000006,"5":0.0010000006,"6":0.0010000006,"7":0.0010000006,"8":0.0010000006}}