{"loss":{"0":0.5821807981,"1":0.4672694206,"2":0.377291739,"3":0.3058926165,"4":0.2661418617,"5":0.2413531542,"6":0.2197660953,"7":0.2083049864,"8":0.1941191703,"9":0.1881315857,"10":0.1815958023,"11":0.1742604822,"12":0.1655025184,"13":0.1547507197,"14":0.1552658975},"accuracy":{"0":0.6825775504,"1":0.7752608061,"2":0.8382361531,"3":0.8803727627,"4":0.9000023007,"5":0.9108126163,"6":0.9192226529,"7":0.9254006147,"8":0.9312239885,"9":0.9348880649,"10":0.9369246364,"11":0.9410069585,"12":0.9427934885,"13":0.9480531812,"14":0.9465939403},"lr":{"0":0.0009999952,"1":0.0009999952,"2":0.0009999952,"3":0.0009999952,"4":0.0009999952,"5":0.0009999952,"6":0.0009999952,"7":0.0009999952,"8":0.0009999952,"9":0.0009999952,"10":0.0009999952,"11":0.0009999952,"12":0.0009999952,"13":0.0009999952,"14":0.0009999952},"val_loss":{"0":0.5829131007,"1":0.3614721596,"2":0.3090241253,"3":0.3198146522,"4":0.6603793502,"5":0.1882845163,"6":0.1631704867,"7":0.233553648,"8":0.418971926,"9":0.128484875,"10":0.1459127665,"11":0.1310471445,"12":0.1933152378,"13":0.1260439605,"14":0.1125436872},"val_accuracy":{"0":0.6799045205,"1":0.8498488665,"2":0.8789339662,"3":0.879824996,"4":0.7247892022,"5":0.9364677668,"6":0.9459825158,"7":0.9211297035,"8":0.8193794489,"9":0.958202064,"10":0.9501511455,"11":0.9594430923,"12":0.9370405674,"13":0.9600636363,"14":0.9645504951},"val_lr":{"0":0.0010000006,"1":0.0010000006,"2":0.0010000006,"3":0.0010000006,"4":0.0010000006,"5":0.0010000006,"6":0.0010000006,"7":0.0010000006,"8":0.0010000006,"9":0.0010000006,"10":0.0010000006,"11":0.0010000006,"12":0.0010000006,"13":0.0010000006,"14":0.0010000006}}