{"loss":{"0":0.5692776442,"1":0.4324303865,"2":0.3785243928,"3":0.2963231206,"4":0.2827116251,"5":0.2726232111,"6":0.2456668019,"7":0.2845902145},"accuracy":{"0":0.6915467381,"1":0.797567904,"2":0.8361859322,"3":0.8818138242,"4":0.889823854,"5":0.8936197162,"6":0.9062120914,"7":0.8889873624},"lr":{"0":0.0009999952,"1":0.0009999952,"2":0.0009999952,"3":0.0009999952,"4":0.0009999952,"5":0.0009999952,"6":0.0009999952,"7":0.0009999952},"val_loss":{"0":0.4656363428,"1":0.3600791693,"2":0.3840087652,"3":0.2432971895,"4":0.2380002886,"5":0.2023529261,"6":0.2192577571,"7":0.1993987411},"val_accuracy":{"0":0.7833412886,"1":0.8535083532,"2":0.8328878284,"3":0.908241868,"4":0.9089896679,"5":0.9275099635,"6":0.9189021587,"7":0.927859962},"val_lr":{"0":0.0010000006,"1":0.0010000006,"2":0.0010000006,"3":0.0010000006,"4":0.0010000006,"5":0.0010000006,"6":0.0010000006,"7":0.0010000006}}