{"loss":{"0":0.6081600189,"1":0.4133439064,"2":0.3462055624,"3":0.3054974079,"4":0.2872079611,"5":0.2492074221,"6":0.2378769219,"7":0.2188133299,"8":0.2137258351,"9":0.1929962933,"10":0.1876807362,"11":0.1752830595,"12":0.1865463704},"accuracy":{"0":0.6612024307,"1":0.8152835369,"2":0.8553608656,"3":0.8779042959,"4":0.8884691596,"5":0.9067075849,"6":0.9118309021,"7":0.9212228656,"8":0.9235413074,"9":0.9322559237,"10":0.9339833856,"11":0.9390112758,"12":0.9346925616},"lr":{"0":0.0009999952,"1":0.0009999952,"2":0.0009999952,"3":0.0009999952,"4":0.0009999952,"5":0.0009999952,"6":0.0009999952,"7":0.0009999952,"8":0.0009999952,"9":0.0009999952,"10":0.0009999952,"11":0.0009999952,"12":0.0009999952},"val_loss":{"0":0.4361612499,"1":0.319364816,"2":0.350936532,"3":0.4565857947,"4":0.2237675339,"5":0.2160822153,"6":0.2576877475,"7":0.1699300408,"8":0.2019751072,"9":0.1556608379,"10":0.290266782,"11":0.1779370457,"12":0.1816920489},"val_accuracy":{"0":0.799379468,"1":0.8738743067,"2":0.8490214944,"3":0.7853937745,"4":0.9201909304,"5":0.9191249013,"6":0.8860779405,"7":0.9417979121,"8":0.9305012226,"9":0.9464280009,"10":0.9095306396,"11":0.9379156828,"12":0.9406205416},"val_lr":{"0":0.0010000006,"1":0.0010000006,"2":0.0010000006,"3":0.0010000006,"4":0.0010000006,"5":0.0010000006,"6":0.0010000006,"7":0.0010000006,"8":0.0010000006,"9":0.0010000006,"10":0.0010000006,"11":0.0010000006,"12":0.0010000006}}