{"loss":{"0":0.5628454685,"1":0.4016804099,"2":0.372100234,"3":0.3209588826,"4":0.2714336812,"5":0.2491527647,"6":0.2310835272,"7":0.2112312615,"8":0.2039122283,"9":0.2014738768,"10":0.1917545646,"11":0.1811696887,"12":0.1716093868,"13":0.176819548},"accuracy":{"0":0.7050301433,"1":0.8218160868,"2":0.8437004089,"3":0.8701443076,"4":0.8980202079,"5":0.9060029387,"6":0.916072309,"7":0.9232730865,"8":0.9270644188,"9":0.9295647144,"10":0.9327605367,"11":0.9365155101,"12":0.9414888024,"13":0.9400840998},"lr":{"0":0.0009999952,"1":0.0009999952,"2":0.0009999952,"3":0.0009999952,"4":0.0009999952,"5":0.0009999952,"6":0.0009999952,"7":0.0009999952,"8":0.0009999952,"9":0.0009999952,"10":0.0009999952,"11":0.0009999952,"12":0.0009999952,"13":0.0009999952},"val_loss":{"0":0.5031901598,"1":0.3469833732,"2":0.2995793521,"3":0.2641116679,"4":0.2065176219,"5":0.2193581313,"6":0.1992475986,"7":0.2149585485,"8":0.1493725628,"9":0.214699775,"10":0.1824320704,"11":0.171423167,"12":0.1169945076,"13":0.1415208131},"val_accuracy":{"0":0.7742879987,"1":0.8463962078,"2":0.8814638257,"3":0.8922036886,"4":0.9228321314,"5":0.922927618,"6":0.9281622767,"7":0.9171678424,"8":0.9510580897,"9":0.9279554486,"10":0.930023849,"11":0.9356403947,"12":0.9621638656,"13":0.9545744061},"val_lr":{"0":0.0010000006,"1":0.0010000006,"2":0.0010000006,"3":0.0010000006,"4":0.0010000006,"5":0.0010000006,"6":0.0010000006,"7":0.0010000006,"8":0.0010000006,"9":0.0010000006,"10":0.0010000006,"11":0.0010000006,"12":0.0010000006,"13":0.0010000006}}