{"loss":{"0":0.5970989466,"1":0.4821889699,"2":0.3730491102,"3":0.3019774854,"4":0.2823478281,"5":0.2414418757,"6":0.231363982,"7":0.2207417935,"8":0.2106273323,"9":0.1925397813,"10":0.192834273},"accuracy":{"0":0.6642754674,"1":0.7633776665,"2":0.8398317695,"3":0.8784770966,"4":0.8897101879,"5":0.9089851379,"6":0.9151494503,"7":0.9200000167,"8":0.9234412909,"9":0.9318013191,"10":0.9324832559},"lr":{"0":0.0009999952,"1":0.0009999952,"2":0.0009999952,"3":0.0009999952,"4":0.0009999952,"5":0.0009999952,"6":0.0009999952,"7":0.0009999952,"8":0.0009999952,"9":0.0009999952,"10":0.0009999952},"val_loss":{"0":0.5093821883,"1":0.4013435245,"2":0.2658466697,"3":0.2546499968,"4":0.3337781131,"5":0.2024631351,"6":0.3170892894,"7":0.1841689795,"8":0.1644103229,"9":0.1499028504,"10":0.1508090347},"val_accuracy":{"0":0.7387271523,"1":0.8236594796,"2":0.9003818631,"3":0.9100397825,"4":0.8502943516,"5":0.93088305,"6":0.8856324553,"7":0.9350039959,"8":0.9460620284,"9":0.9501034021,"10":0.9480986595},"val_lr":{"0":0.0010000006,"1":0.0010000006,"2":0.0010000006,"3":0.0010000006,"4":0.0010000006,"5":0.0010000006,"6":0.0010000006,"7":0.0010000006,"8":0.0010000006,"9":0.0010000006,"10":0.0010000006}}