{"loss":{"0":0.5485491753,"1":0.4467336535,"2":0.3510152698,"3":0.3142417371,"4":0.25928846,"5":0.2351846248,"6":0.2366797179},"accuracy":{"0":0.7053301334,"1":0.7904034257,"2":0.8527332544,"3":0.8723763824,"4":0.9039527178,"5":0.9146675467,"6":0.9149357677},"lr":{"0":0.0009999952,"1":0.0009999952,"2":0.0009999952,"3":0.0009999952,"4":0.0009999952,"5":0.0009999952,"6":0.0009999952},"val_loss":{"0":0.4807254076,"1":0.3366461694,"2":0.2654983401,"3":0.2311439812,"4":0.2034495026,"5":0.1693062484,"6":0.1761270463},"val_accuracy":{"0":0.763961792,"1":0.8548766971,"2":0.9010024071,"3":0.9126491547,"4":0.9302307367,"5":0.9421002269,"6":0.9389657974},"val_lr":{"0":0.0010000006,"1":0.0010000006,"2":0.0010000006,"3":0.0010000006,"4":0.0010000006,"5":0.0010000006,"6":0.0010000006}}