{"loss":{"0":0.5789393783,"1":0.4411643445,"2":0.3352866769,"3":0.2871020734,"4":0.2558375001,"5":0.2418298572,"6":0.2149566412,"7":0.2100697011,"8":0.196069777,"9":0.1853360087,"10":0.1783581227,"11":0.1701322645,"12":0.1695576161,"13":0.1610997468,"14":0.1598590463,"15":0.1472056806,"16":0.1601796299},"accuracy":{"0":0.683295846,"1":0.7982997894,"2":0.8611297011,"3":0.8874599338,"4":0.9037981629,"5":0.9101943374,"6":0.9226548672,"7":0.9246550798,"8":0.9304420948,"9":0.9339652061,"10":0.9381475449,"11":0.9418025017,"12":0.9414160848,"13":0.9446482658,"14":0.9454301596,"15":0.950017035,"16":0.9460211396},"lr":{"0":0.0009999952,"1":0.0009999952,"2":0.0009999952,"3":0.0009999952,"4":0.0009999952,"5":0.0009999952,"6":0.0009999952,"7":0.0009999952,"8":0.0009999952,"9":0.0009999952,"10":0.0009999952,"11":0.0009999952,"12":0.0009999952,"13":0.0009999952,"14":0.0009999952,"15":0.0009999952,"16":0.0009999952},"val_loss":{"0":0.484411329,"1":0.3827655017,"2":0.2419913113,"3":0.2332080603,"4":0.4126553237,"5":0.1893282533,"6":0.3504208922,"7":0.2764950097,"8":0.2806525826,"9":0.1472706348,"10":0.1587631106,"11":0.1366498023,"12":0.1307909787,"13":0.1222102121,"14":0.1164349169,"15":0.1192041337,"16":0.1183853224},"val_accuracy":{"0":0.7770246863,"1":0.8330946565,"2":0.9104852676,"3":0.9137947559,"4":0.8244868517,"5":0.9359427094,"6":0.8576452136,"7":0.8842481971,"8":0.8802704811,"9":0.9524741173,"10":0.9444073439,"11":0.9542720914,"12":0.9574701786,"13":0.9600636363,"14":0.963993609,"15":0.9634049535,"16":0.9624980092},"val_lr":{"0":0.0010000006,"1":0.0010000006,"2":0.0010000006,"3":0.0010000006,"4":0.0010000006,"5":0.0010000006,"6":0.0010000006,"7":0.0010000006,"8":0.0010000006,"9":0.0010000006,"10":0.0010000006,"11":0.0010000006,"12":0.0010000006,"13":0.0010000006,"14":0.0010000006,"15":0.0010000006,"16":0.0010000006}}