{"loss":{"0":0.6173439026,"1":0.4824580848,"2":0.3927340806,"3":0.3481269181,"4":0.3044131696,"5":0.2615675032,"6":0.2521256804,"7":0.2247825265,"8":0.2196686566,"9":0.2031043172,"10":0.1951154619,"11":0.1939559579,"12":0.1880008876,"13":0.1696203649,"14":0.1718347371},"accuracy":{"0":0.6452869773,"1":0.7605227828,"2":0.8267484903,"3":0.8557654023,"4":0.8795090318,"5":0.9020525217,"6":0.9050937891,"7":0.9179679751,"8":0.9200772643,"9":0.9283145666,"10":0.9300011396,"11":0.9317331314,"12":0.9336333871,"13":0.9417752028,"14":0.9404523373},"lr":{"0":0.0009999952,"1":0.0009999952,"2":0.0009999952,"3":0.0009999952,"4":0.0009999952,"5":0.0009999952,"6":0.0009999952,"7":0.0009999952,"8":0.0009999952,"9":0.0009999952,"10":0.0009999952,"11":0.0009999952,"12":0.0009999952,"13":0.0009999952,"14":0.0009999952},"val_loss":{"0":0.580055356,"1":0.4905656278,"2":0.6732698083,"3":0.266375035,"4":0.2446788847,"5":0.1903335899,"6":0.2687611282,"7":0.5642442703,"8":0.1797525287,"9":0.146081537,"10":0.1422981471,"11":0.1738605946,"12":0.2474439144,"13":0.127070576,"14":0.1254357845},"val_accuracy":{"0":0.6796658635,"1":0.7603023052,"2":0.7459029555,"3":0.9031503797,"4":0.9071758389,"5":0.9322354794,"6":0.9078122377,"7":0.7206682563,"8":0.9384566545,"9":0.9524582624,"10":0.9520286322,"11":0.9462052584,"12":0.9113126397,"13":0.9593635798,"14":0.9596181512},"val_lr":{"0":0.0010000006,"1":0.0010000006,"2":0.0010000006,"3":0.0010000006,"4":0.0010000006,"5":0.0010000006,"6":0.0010000006,"7":0.0010000006,"8":0.0010000006,"9":0.0010000006,"10":0.0010000006,"11":0.0010000006,"12":0.0010000006,"13":0.0010000006,"14":0.0010000006}}