{"loss":{"0":0.5704515576,"1":0.4001680613,"2":0.3162237108,"3":0.2784288824,"4":0.2494047284,"5":0.2343163341,"6":0.2200196236,"7":0.2080819309,"8":0.1985541135,"9":0.1866034865,"10":0.1814022958,"11":0.1723571867,"12":0.164864555,"13":0.167047441},"accuracy":{"0":0.6913921833,"1":0.8232935667,"2":0.8736401796,"3":0.8935651779,"4":0.9076349735,"5":0.9158449769,"6":0.9208409786,"7":0.9259097576,"8":0.9299920201,"9":0.9354699254,"10":0.937138319,"11":0.9419206977,"12":0.9442800283,"13":0.9438981414},"lr":{"0":0.0009999952,"1":0.0009999952,"2":0.0009999952,"3":0.0009999952,"4":0.0009999952,"5":0.0009999952,"6":0.0009999952,"7":0.0009999952,"8":0.0009999952,"9":0.0009999952,"10":0.0009999952,"11":0.0009999952,"12":0.0009999952,"13":0.0009999952},"val_loss":{"0":0.4201238155,"1":0.334821254,"2":0.2398289293,"3":0.2367640883,"4":0.3665565848,"5":0.2285059988,"6":0.1707314104,"7":0.1948162317,"8":0.1520190239,"9":0.157389015,"10":0.1522623003,"11":0.1420503408,"12":0.1237852797,"13":0.1310006678},"val_accuracy":{"0":0.8038663268,"1":0.8629276156,"2":0.905107379,"3":0.9140970707,"4":0.8698965907,"5":0.9126809835,"6":0.9433094859,"7":0.9337469935,"8":0.9479872584,"9":0.9515672326,"10":0.9485600591,"11":0.9558472633,"12":0.9601750374,"13":0.9580429792},"val_lr":{"0":0.0010000006,"1":0.0010000006,"2":0.0010000006,"3":0.0010000006,"4":0.0010000006,"5":0.0010000006,"6":0.0010000006,"7":0.0010000006,"8":0.0010000006,"9":0.0010000006,"10":0.0010000006,"11":0.0010000006,"12":0.0010000006,"13":0.0010000006}}