{"loss":{"0":0.5866718292,"1":0.4214954376,"2":0.3761341572,"3":0.344445616,"4":0.3318004906,"5":0.2830512226,"6":0.2386353016,"7":0.2176968306,"8":0.2122975588,"9":0.2028430402,"10":0.1946886778,"11":0.1925798357,"12":0.1797153056,"13":0.1880470812},"accuracy":{"0":0.681013763,"1":0.8101875186,"2":0.837172389,"3":0.8589339852,"4":0.8648118973,"5":0.8909739852,"6":0.9111535549,"7":0.9190226197,"8":0.9222639203,"9":0.9255915284,"10":0.929669261,"11":0.9312967658,"12":0.9367473722,"13":0.9323604703},"lr":{"0":0.0009999952,"1":0.0009999952,"2":0.0009999952,"3":0.0009999952,"4":0.0009999952,"5":0.0009999952,"6":0.0009999952,"7":0.0009999952,"8":0.0009999952,"9":0.0009999952,"10":0.0009999952,"11":0.0009999952,"12":0.0009999952,"13":0.0009999952},"val_loss":{"0":0.5349065065,"1":0.7050603032,"2":0.4012959898,"3":0.3514451087,"4":0.2434724569,"5":0.1879178435,"6":0.2252503186,"7":0.158041507,"8":0.2066530585,"9":0.433580935,"10":0.1559509188,"11":0.1492155939,"12":0.1216140985,"13":0.1464522481},"val_accuracy":{"0":0.7209069133,"1":0.7074145079,"2":0.8250914812,"3":0.8467143774,"4":0.9140493274,"5":0.9353858232,"6":0.9257438183,"7":0.9463325143,"8":0.9220843315,"9":0.7753381133,"10":0.953158319,"11":0.9507398605,"12":0.9622752666,"13":0.9564041495},"val_lr":{"0":0.0010000006,"1":0.0010000006,"2":0.0010000006,"3":0.0010000006,"4":0.0010000006,"5":0.0010000006,"6":0.0010000006,"7":0.0010000006,"8":0.0010000006,"9":0.0010000006,"10":0.0010000006,"11":0.0010000006,"12":0.0010000006,"13":0.0010000006}}