{"loss":{"0":0.6677410603,"1":0.4909095466,"2":0.3864754438,"3":0.3503103554,"4":0.316226691,"5":0.2578679621,"6":0.2522774637,"7":0.2364819646,"8":0.2077744454,"9":0.2132043391},"accuracy":{"0":0.6031821966,"1":0.7569678426,"2":0.8280531764,"3":0.8513467312,"4":0.8745720983,"5":0.901011467,"6":0.9047619104,"7":0.9126036763,"8":0.9241049886,"9":0.9223593473},"lr":{"0":0.0009999952,"1":0.0009999952,"2":0.0009999952,"3":0.0009999952,"4":0.0009999952,"5":0.0009999952,"6":0.0009999952,"7":0.0009999952,"8":0.0009999952,"9":0.0009999952},"val_loss":{"0":0.6128478646,"1":0.4437875152,"2":0.3414238989,"3":0.4023239315,"4":0.2905553281,"5":0.211436674,"6":0.1861951947,"7":0.33365345,"8":0.1501300037,"9":0.1857954711},"val_accuracy":{"0":0.6383452415,"1":0.7915512919,"2":0.8574542403,"3":0.8180906773,"4":0.8930150867,"5":0.9265711904,"6":0.9376770258,"7":0.8767382503,"8":0.9515354037,"9":0.9352744818},"val_lr":{"0":0.0010000006,"1":0.0010000006,"2":0.0010000006,"3":0.0010000006,"4":0.0010000006,"5":0.0010000006,"6":0.0010000006,"7":0.0010000006,"8":0.0010000006,"9":0.0010000006}}