{"loss":{"0":0.6081438661,"1":0.5059888363,"2":0.4441817105,"3":0.3746020496,"4":0.3748137653},"accuracy":{"0":0.6563836932,"1":0.7395340204,"2":0.7860075235,"3":0.8336492777,"4":0.8355994821},"lr":{"0":0.0009999952,"1":0.0009999952,"2":0.0009999952,"3":0.0009999952,"4":0.0009999952},"val_loss":{"0":0.5082522631,"1":0.4853135049,"2":0.3993724585,"3":0.5025430918,"4":0.3465743661},"val_accuracy":{"0":0.7386953235,"1":0.7469053268,"2":0.8161495328,"3":0.7458233833,"4":0.8541448116},"val_lr":{"0":0.0010000006,"1":0.0010000006,"2":0.0010000006,"3":0.0010000006,"4":0.0010000006}}