{"loss":{"0":0.5775224566,"1":0.4715619385,"2":0.3505305052,"3":0.2890329063,"4":0.2688840926,"5":0.2343066484,"6":0.2289870828,"7":0.2093572766,"8":0.1995981187,"9":0.2196938097},"accuracy":{"0":0.6831276417,"1":0.7752789855,"2":0.8528150916,"3":0.8856188059,"4":0.8976837993,"5":0.9128673673,"6":0.9167632461,"7":0.9249051213,"8":0.9287737012,"9":0.9213365316},"lr":{"0":0.0009999952,"1":0.0009999952,"2":0.0009999952,"3":0.0009999952,"4":0.0009999952,"5":0.0009999952,"6":0.0009999952,"7":0.0009999952,"8":0.0009999952,"9":0.0009999952},"val_loss":{"0":0.5061486959,"1":0.4179248512,"2":0.282110393,"3":0.5113031268,"4":0.2135251611,"5":0.1819024831,"6":0.2005727291,"7":0.1493919343,"8":0.1428459883,"9":0.2008440048},"val_accuracy":{"0":0.7338584065,"1":0.8097056746,"2":0.8780588508,"3":0.7584725618,"4":0.9242800474,"5":0.93918854,"6":0.9261097908,"7":0.9462052584,"8":0.9529992342,"9":0.9298329353},"val_lr":{"0":0.0010000006,"1":0.0010000006,"2":0.0010000006,"3":0.0010000006,"4":0.0010000006,"5":0.0010000006,"6":0.0010000006,"7":0.0010000006,"8":0.0010000006,"9":0.0010000006}}