{"loss":{"0":0.599752605,"1":0.5061671138,"2":0.4060976803,"3":0.336096257,"4":0.282689482,"5":0.256398052,"6":0.2403467149,"7":0.2152501196,"8":0.21458143,"9":0.1943665296,"10":0.1892389804,"11":0.1834974289,"12":0.1710977405,"13":0.1713553965},"accuracy":{"0":0.6647664309,"1":0.7376065254,"2":0.8154380918,"3":0.8597295284,"4":0.8896965384,"5":0.9047346115,"6":0.911721766,"7":0.9221866131,"8":0.9256870151,"9":0.9316467643,"10":0.934260726,"11":0.9371064901,"12":0.9400113821,"13":0.9421070814},"lr":{"0":0.0009999952,"1":0.0009999952,"2":0.0009999952,"3":0.0009999952,"4":0.0009999952,"5":0.0009999952,"6":0.0009999952,"7":0.0009999952,"8":0.0009999952,"9":0.0009999952,"10":0.0009999952,"11":0.0009999952,"12":0.0009999952,"13":0.0009999952},"val_loss":{"0":0.635908246,"1":0.537088573,"2":0.2989001572,"3":0.2838041484,"4":0.2061089724,"5":0.2061742544,"6":0.2036553621,"7":0.1624937207,"8":0.1563180089,"9":0.1462322026,"10":0.1811652631,"11":0.1563320607,"12":0.1338807344,"13":0.1289555728},"val_accuracy":{"0":0.6220843196,"1":0.7138742805,"2":0.8825298548,"3":0.8872235417,"4":0.9251869321,"5":0.9269371629,"6":0.9282418489,"7":0.9442004561,"8":0.9491010308,"9":0.9516944885,"10":0.9346380234,"11":0.9484009743,"12":0.958202064,"13":0.9576929212},"val_lr":{"0":0.0010000006,"1":0.0010000006,"2":0.0010000006,"3":0.0010000006,"4":0.0010000006,"5":0.0010000006,"6":0.0010000006,"7":0.0010000006,"8":0.0010000006,"9":0.0010000006,"10":0.0010000006,"11":0.0010000006,"12":0.0010000006,"13":0.0010000006}}