{"loss":{"0":0.6516600847,"1":0.4922327101,"2":0.4106241465,"3":0.3596794605,"4":0.2987565994,"5":0.270850867,"6":0.2486257851,"7":0.2426680624,"8":0.2128464729,"9":0.2066448182,"10":0.1976598352,"11":0.1866015792,"12":0.1773700267,"13":0.1731074154,"14":0.1633634716,"15":0.1584875584,"16":0.155231595,"17":0.1451884061,"18":0.1478564292},"accuracy":{"0":0.6101011634,"1":0.7514081001,"2":0.8133151531,"3":0.847646296,"4":0.8836049438,"5":0.8988112211,"6":0.9079532027,"7":0.9105807543,"8":0.9238231778,"9":0.9267961979,"10":0.9310376048,"11":0.9368519187,"12":0.9381702542,"13":0.9414797425,"14":0.9442436695,"15":0.9462438822,"16":0.9484941363,"17":0.9510080814,"18":0.9514217377},"lr":{"0":0.0009999952,"1":0.0009999952,"2":0.0009999952,"3":0.0009999952,"4":0.0009999952,"5":0.0009999952,"6":0.0009999952,"7":0.0009999952,"8":0.0009999952,"9":0.0009999952,"10":0.0009999952,"11":0.0009999952,"12":0.0009999952,"13":0.0009999952,"14":0.0009999952,"15":0.0009999952,"16":0.0009999952,"17":0.0009999952,"18":0.0009999952},"val_loss":{"0":0.5505740643,"1":0.5043926239,"2":0.3736599684,"3":0.2594585717,"4":0.3127586842,"5":0.2816649675,"6":0.3649769723,"7":0.1836445481,"8":0.179768905,"9":0.1502533108,"10":0.1388023198,"11":0.189743042,"12":0.1552523971,"13":0.4563263059,"14":0.1253038496,"15":0.1611415595,"16":0.1339571774,"17":0.56369102,"18":0.1869339049},"val_accuracy":{"0":0.6902307272,"1":0.7518695593,"2":0.8358790874,"3":0.905107379,"4":0.8759427071,"5":0.8971837759,"6":0.8375815153,"7":0.9367064238,"8":0.9392044544,"9":0.9512490034,"10":0.9546220899,"11":0.9211614728,"12":0.9489260316,"13":0.8160381913,"14":0.9594430923,"15":0.9482736588,"16":0.9568337202,"17":0.7498170137,"18":0.9412728548},"val_lr":{"0":0.0010000006,"1":0.0010000006,"2":0.0010000006,"3":0.0010000006,"4":0.0010000006,"5":0.0010000006,"6":0.0010000006,"7":0.0010000006,"8":0.0010000006,"9":0.0010000006,"10":0.0010000006,"11":0.0010000006,"12":0.0010000006,"13":0.0010000006,"14":0.0010000006,"15":0.0010000006,"16":0.0010000006,"17":0.0010000006,"18":0.0010000006}}