{"loss":{"0":0.5927534699,"1":0.4346911013,"2":0.3486040533,"3":0.2875252664,"4":0.2650876641,"5":0.2335622311,"6":0.2264655977,"7":0.2220556736,"8":0.206058234,"9":0.1819177717,"10":0.1831706613},"accuracy":{"0":0.6741493344,"1":0.8012683392,"2":0.8565245867,"3":0.888250947,"4":0.8998522758,"5":0.913908422,"6":0.9166950583,"7":0.9196454287,"8":0.9261506796,"9":0.9355517626,"10":0.9351926446},"lr":{"0":0.0009999952,"1":0.0009999952,"2":0.0009999952,"3":0.0009999952,"4":0.0009999952,"5":0.0009999952,"6":0.0009999952,"7":0.0009999952,"8":0.0009999952,"9":0.0009999952,"10":0.0009999952},"val_loss":{"0":0.4695263207,"1":0.3577316999,"2":0.2974075377,"3":0.2208724469,"4":0.2001115829,"5":0.2212190926,"6":0.1904111356,"7":0.1525110304,"8":0.1615154594,"9":0.1498220712,"10":0.1656789929},"val_accuracy":{"0":0.7841686606,"1":0.8462052345,"2":0.8794590235,"3":0.9190294147,"4":0.9322195649,"5":0.921479702,"6":0.9330787659,"7":0.9502466321,"8":0.9437390566,"9":0.9502625465,"10":0.945091486},"val_lr":{"0":0.0010000006,"1":0.0010000006,"2":0.0010000006,"3":0.0010000006,"4":0.0010000006,"5":0.0010000006,"6":0.0010000006,"7":0.0010000006,"8":0.0010000006,"9":0.0010000006,"10":0.0010000006}}