{"loss":{"0":0.5726851225,"1":0.4373678863,"2":0.3684186041,"3":0.2927190959,"4":0.2674891353,"5":0.2350645065,"6":0.2219879627,"7":0.2050051689,"8":0.1919972748,"9":0.1840169877,"10":0.1771727502,"11":0.1751995087,"12":0.1683943868,"13":0.1564593166,"14":0.158431828},"accuracy":{"0":0.685937047,"1":0.7954540253,"2":0.8422684669,"3":0.8850687742,"4":0.8983566165,"5":0.9129219055,"6":0.9209864736,"7":0.9274599552,"8":0.9324832559,"9":0.9361109138,"10":0.9391021729,"11":0.9385339022,"12":0.941593349,"13":0.9465621114,"14":0.9466893673},"lr":{"0":0.0009999952,"1":0.0009999952,"2":0.0009999952,"3":0.0009999952,"4":0.0009999952,"5":0.0009999952,"6":0.0009999952,"7":0.0009999952,"8":0.0009999952,"9":0.0009999952,"10":0.0009999952,"11":0.0009999952,"12":0.0009999952,"13":0.0009999952,"14":0.0009999952},"val_loss":{"0":0.5839251876,"1":0.3096482456,"2":0.2886681557,"3":0.2378394157,"4":0.2040764987,"5":0.2091616392,"6":0.2594893277,"7":0.1472748518,"8":0.1483260393,"9":0.1380261034,"10":0.6284905076,"11":0.1437811702,"12":0.1399965137,"13":0.136803627,"14":0.1450092942},"val_accuracy":{"0":0.6583293676,"1":0.8794112802,"2":0.887398541,"3":0.9114558697,"4":0.9235322475,"5":0.9219252467,"6":0.9100238681,"7":0.9492919445,"8":0.9506921172,"9":0.9551789761,"10":0.7469371557,"11":0.9515513182,"12":0.9544152617,"13":0.9554972053,"14":0.9550676346},"val_lr":{"0":0.0010000006,"1":0.0010000006,"2":0.0010000006,"3":0.0010000006,"4":0.0010000006,"5":0.0010000006,"6":0.0010000006,"7":0.0010000006,"8":0.0010000006,"9":0.0010000006,"10":0.0010000006,"11":0.0010000006,"12":0.0010000006,"13":0.0010000006,"14":0.0010000006}}