{"loss":{"0":0.6001201272,"1":0.4505849481,"2":0.349576205,"3":0.287982285,"4":0.2515045106,"5":0.2332122326,"6":0.21744591,"7":0.2077496499,"8":0.1915398091,"9":0.1836974025,"10":0.1792518198,"11":0.1729991883,"12":0.163254112,"13":0.1649230719},"accuracy":{"0":0.6606568694,"1":0.7887987494,"2":0.855260849,"3":0.887159884,"4":0.9038299918,"5":0.9117263556,"6":0.9212501645,"7":0.9254097342,"8":0.9317240715,"9":0.9352426529,"10":0.9371156096,"11":0.9390112758,"12":0.9437890649,"13":0.9441891313},"lr":{"0":0.0009999952,"1":0.0009999952,"2":0.0009999952,"3":0.0009999952,"4":0.0009999952,"5":0.0009999952,"6":0.0009999952,"7":0.0009999952,"8":0.0009999952,"9":0.0009999952,"10":0.0009999952,"11":0.0009999952,"12":0.0009999952,"13":0.0009999952},"val_loss":{"0":0.5414937139,"1":0.3295273781,"2":0.7577034235,"3":0.4551196396,"4":0.1903847009,"5":0.3297606111,"6":0.1901998818,"7":0.1979310066,"8":0.5656355023,"9":0.2723190188,"10":0.1814061105,"11":0.2411988527,"12":0.144921869,"13":0.173235938},"val_accuracy":{"0":0.7163723111,"1":0.8640254736,"2":0.7063484192,"3":0.7883213758,"4":0.9321559072,"5":0.883802712,"6":0.9361813664,"7":0.9326968789,"8":0.751201272,"9":0.8884168863,"10":0.943166256,"11":0.921718359,"12":0.9532378912,"13":0.944852829},"val_lr":{"0":0.0010000006,"1":0.0010000006,"2":0.0010000006,"3":0.0010000006,"4":0.0010000006,"5":0.0010000006,"6":0.0010000006,"7":0.0010000006,"8":0.0010000006,"9":0.0010000006,"10":0.0010000006,"11":0.0010000006,"12":0.0010000006,"13":0.0010000006}}