{"loss":{"0":0.6168034077,"1":0.4222337902,"2":0.3287598491,"3":0.2821675837,"4":0.2607454062,"5":0.2360609621,"6":0.2101394981,"7":0.1961294115,"8":0.1898023635,"9":0.1795884371,"10":0.1746968627,"11":0.1623719782,"12":0.1657460183},"accuracy":{"0":0.6500965953,"1":0.8058052063,"2":0.8644118905,"3":0.8892419338,"4":0.8986430168,"5":0.9124900699,"6":0.9241822958,"7":0.9291282892,"8":0.9332742095,"9":0.9389612675,"10":0.9393749237,"11":0.9446573257,"12":0.9433844686},"lr":{"0":0.0009999952,"1":0.0009999952,"2":0.0009999952,"3":0.0009999952,"4":0.0009999952,"5":0.0009999952,"6":0.0009999952,"7":0.0009999952,"8":0.0009999952,"9":0.0009999952,"10":0.0009999952,"11":0.0009999952,"12":0.0009999952},"val_loss":{"0":0.480294764,"1":0.3674944341,"2":0.2486636341,"3":0.2350807935,"4":0.2371697128,"5":0.1930952221,"6":0.9008119702,"7":0.1512801349,"8":0.1545507461,"9":0.1299655885,"10":0.1278976053,"11":0.1273459792,"12":0.1411700994},"val_accuracy":{"0":0.7685600519,"1":0.8484168649,"2":0.9046141505,"3":0.9167701006,"4":0.9128878117,"5":0.9309148788,"6":0.6101193428,"7":0.9498647451,"8":0.9479236007,"9":0.9573269486,"10":0.9577406645,"11":0.9587430358,"12":0.9556563497},"val_lr":{"0":0.0010000006,"1":0.0010000006,"2":0.0010000006,"3":0.0010000006,"4":0.0010000006,"5":0.0010000006,"6":0.0010000006,"7":0.0010000006,"8":0.0010000006,"9":0.0010000006,"10":0.0010000006,"11":0.0010000006,"12":0.0010000006}}