{"loss":{"0":0.6269338727,"1":0.5051378608,"2":0.3997456729,"3":0.309931457,"4":0.2690810263,"5":0.2358953059,"6":0.2269042283,"7":0.2046315819,"8":0.1969126165,"9":0.195438832,"10":0.1793276966,"11":0.1767505854,"12":0.1657727957,"13":0.1608719975,"14":0.1578759253,"15":0.1518422216,"16":0.1471464634,"17":0.1419974416,"18":0.1399813294,"19":0.1391216666,"20":0.1416155994},"accuracy":{"0":0.6363404989,"1":0.7434117794,"2":0.8260756731,"3":0.8777088523,"4":0.8981565833,"5":0.9123718739,"6":0.9174542427,"7":0.9264825583,"8":0.9295556545,"9":0.9310921431,"10":0.9374337792,"11":0.9394794703,"12":0.9425207376,"13":0.946043849,"14":0.9472712874,"15":0.948585093,"16":0.9511262774,"17":0.9533855915,"18":0.953753829,"19":0.9539356828,"20":0.9528855681},"lr":{"0":0.0009999952,"1":0.0009999952,"2":0.0009999952,"3":0.0009999952,"4":0.0009999952,"5":0.0009999952,"6":0.0009999952,"7":0.0009999952,"8":0.0009999952,"9":0.0009999952,"10":0.0009999952,"11":0.0009999952,"12":0.0009999952,"13":0.0009999952,"14":0.0009999952,"15":0.0009999952,"16":0.0009999952,"17":0.0009999952,"18":0.0009999952,"19":0.0009999952,"20":0.0009999952},"val_loss":{"0":0.5401328802,"1":0.4689629078,"2":0.3144597709,"3":0.253623724,"4":0.230912298,"5":0.4137969017,"6":0.1839760095,"7":0.1770206243,"8":0.1710247993,"9":0.1729206592,"10":0.1370424628,"11":0.1409994811,"12":0.1388650239,"13":0.1225194782,"14":0.1175219342,"15":0.1407502741,"16":0.1233956739,"17":0.1093901321,"18":0.1019086242,"19":0.1481380165,"20":0.1225523427},"val_accuracy":{"0":0.7030230761,"1":0.7760699987,"2":0.8749085069,"3":0.9073349237,"4":0.9130469561,"5":0.7964200377,"6":0.9346380234,"7":0.9378042817,"8":0.9400795698,"9":0.9428480268,"10":0.9544789195,"11":0.9557517767,"12":0.9568814635,"13":0.9618774652,"14":0.9610341787,"15":0.9544789195,"16":0.9599204659,"17":0.9658074975,"18":0.9684168696,"19":0.9491487741,"20":0.960747838},"val_lr":{"0":0.0010000006,"1":0.0010000006,"2":0.0010000006,"3":0.0010000006,"4":0.0010000006,"5":0.0010000006,"6":0.0010000006,"7":0.0010000006,"8":0.0010000006,"9":0.0010000006,"10":0.0010000006,"11":0.0010000006,"12":0.0010000006,"13":0.0010000006,"14":0.0010000006,"15":0.0010000006,"16":0.0010000006,"17":0.0010000006,"18":0.0010000006,"19":0.0010000006,"20":0.0010000006}}