{"loss":{"0":0.6415590644,"1":0.4744305909,"2":0.4030191004,"3":0.3233751059,"4":0.2874441743,"5":0.2734309137,"6":0.2394291312,"7":0.2237517238,"8":0.2153718621,"9":0.1926143914,"10":0.2050218582},"accuracy":{"0":0.6242391467,"1":0.7698101997,"2":0.8206250668,"3":0.8682486415,"4":0.8876872659,"5":0.8932605982,"6":0.9101125002,"7":0.9170632958,"8":0.9219365716,"9":0.9302465916,"10":0.9260688424},"lr":{"0":0.0009999952,"1":0.0009999952,"2":0.0009999952,"3":0.0009999952,"4":0.0009999952,"5":0.0009999952,"6":0.0009999952,"7":0.0009999952,"8":0.0009999952,"9":0.0009999952,"10":0.0009999952},"val_loss":{"0":0.5229953527,"1":0.389516741,"2":0.296967417,"3":0.2329223156,"4":0.2022578567,"5":0.2288777232,"6":0.1946523339,"7":0.175127238,"8":0.1653705984,"9":0.1682278067,"10":0.1578871459},"val_accuracy":{"0":0.7207796574,"1":0.8222275376,"2":0.8821002245,"3":0.9149721265,"4":0.9261734486,"5":0.9207796454,"6":0.9308989644,"7":0.9370564818,"8":0.9460620284,"9":0.9446460009,"10":0.9466189146},"val_lr":{"0":0.0010000006,"1":0.0010000006,"2":0.0010000006,"3":0.0010000006,"4":0.0010000006,"5":0.0010000006,"6":0.0010000006,"7":0.0010000006,"8":0.0010000006,"9":0.0010000006,"10":0.0010000006}}