{"loss":{"0":0.624512136,"1":0.530318439,"2":0.4801716506,"3":0.421644181,"4":0.3740219474,"5":0.3356019557,"6":0.3232432306,"7":0.3012808561,"8":0.2317817211,"9":0.2375564277},"accuracy":{"0":0.6407273412,"1":0.7164950371,"2":0.7530673742,"3":0.800922811,"4":0.833694756,"5":0.8544198275,"6":0.8628116846,"7":0.8770496845,"8":0.9126491547,"9":0.9109853506},"lr":{"0":0.0009999952,"1":0.0009999952,"2":0.0009999952,"3":0.0009999952,"4":0.0009999952,"5":0.0009999952,"6":0.0009999952,"7":0.0009999952,"8":0.0009999952,"9":0.0009999952},"val_loss":{"0":0.5309873819,"1":0.4979893863,"2":0.4621088505,"3":0.3963473439,"4":0.4807552397,"5":0.3316648901,"6":0.3339425027,"7":0.3021239936,"8":0.2235990614,"9":0.3760536909},"val_accuracy":{"0":0.7147016525,"1":0.7354972363,"2":0.7682577372,"3":0.8116785884,"4":0.7564200759,"5":0.8582020402,"6":0.858615756,"7":0.8808432817,"8":0.9178997874,"9":0.8376292586},"val_lr":{"0":0.0010000006,"1":0.0010000006,"2":0.0010000006,"3":0.0010000006,"4":0.0010000006,"5":0.0010000006,"6":0.0010000006,"7":0.0010000006,"8":0.0010000006,"9":0.0010000006}}