{"loss":{"0":0.6344647408,"1":0.4541348517,"2":0.3438906074,"3":0.2943001986,"4":0.2660945952,"5":0.2382607162,"6":0.2269747257,"7":0.2096859664,"8":0.2051582038,"9":0.1927012503,"10":0.1825080067,"11":0.1756461114,"12":0.1675832421,"13":0.1607747525,"14":0.1570419967,"15":0.1554337889,"16":0.1515452713,"17":0.1521054655},"accuracy":{"0":0.6278576851,"1":0.7877440453,"2":0.8571155667,"3":0.8854597211,"4":0.8999113441,"5":0.9124809504,"6":0.9175679088,"7":0.9250323772,"8":0.9277735949,"9":0.93207407,"10":0.9369519353,"11":0.9392658472,"12":0.9434299469,"13":0.9463939071,"14":0.9470621943,"15":0.9485396147,"16":0.9503261447,"17":0.9492896795},"lr":{"0":0.0009999952,"1":0.0009999952,"2":0.0009999952,"3":0.0009999952,"4":0.0009999952,"5":0.0009999952,"6":0.0009999952,"7":0.0009999952,"8":0.0009999952,"9":0.0009999952,"10":0.0009999952,"11":0.0009999952,"12":0.0009999952,"13":0.0009999952,"14":0.0009999952,"15":0.0009999952,"16":0.0009999952,"17":0.0009999952},"val_loss":{"0":0.5105326176,"1":0.4800162613,"2":0.2517358065,"3":0.2327086926,"4":0.1950708628,"5":0.1790409833,"6":0.1725233644,"7":0.1628909111,"8":0.1623052657,"9":0.1592154354,"10":0.1945160478,"11":0.1426640749,"12":0.1492329985,"13":0.2026031315,"14":0.1848423481,"15":0.1324153841,"16":0.3014030755,"17":0.1303255707},"val_accuracy":{"0":0.7439936399,"1":0.7871280909,"2":0.9040890932,"3":0.9124423265,"4":0.9320286512,"5":0.9364200234,"6":0.9393635392,"7":0.9466666579,"8":0.9483214021,"9":0.9448369145,"10":0.9345425367,"11":0.9523468614,"12":0.949657917,"13":0.9353699088,"14":0.9297533631,"15":0.9598568082,"16":0.886205256,"17":0.9585362077},"val_lr":{"0":0.0010000006,"1":0.0010000006,"2":0.0010000006,"3":0.0010000006,"4":0.0010000006,"5":0.0010000006,"6":0.0010000006,"7":0.0010000006,"8":0.0010000006,"9":0.0010000006,"10":0.0010000006,"11":0.0010000006,"12":0.0010000006,"13":0.0010000006,"14":0.0010000006,"15":0.0010000006,"16":0.0010000006,"17":0.0010000006}}