{"loss":{"0":0.5626701117,"1":0.4136696756,"2":0.3355297744,"3":0.3004760444,"4":0.2642332911,"5":0.2399275899,"6":0.2264649868,"7":0.2104475945,"8":0.2058387846,"9":0.1924888641,"10":0.1798060536,"11":0.1722003371,"12":0.1743793488},"accuracy":{"0":0.6955563426,"1":0.8143743873,"2":0.8604205251,"3":0.8817456365,"4":0.8999886513,"5":0.9125854969,"6":0.917622447,"7":0.9244550467,"8":0.9273462892,"9":0.9314831495,"10":0.937738359,"11":0.9413205981,"12":0.9411251545},"lr":{"0":0.0009999952,"1":0.0009999952,"2":0.0009999952,"3":0.0009999952,"4":0.0009999952,"5":0.0009999952,"6":0.0009999952,"7":0.0009999952,"8":0.0009999952,"9":0.0009999952,"10":0.0009999952,"11":0.0009999952,"12":0.0009999952},"val_loss":{"0":0.5029967427,"1":0.318443954,"2":0.2992656827,"3":0.26026088,"4":0.6615350842,"5":0.2168043554,"6":0.1671230346,"7":0.1806681752,"8":0.1925608814,"9":0.1921960264,"10":0.1947925538,"11":0.1348678023,"12":0.1363323182},"val_accuracy":{"0":0.7545266747,"1":0.8740652204,"2":0.8726014495,"3":0.9011455774,"4":0.7431821823,"5":0.9268575907,"6":0.9423707128,"7":0.9430867434,"8":0.9338902235,"9":0.9350675941,"10":0.9286555052,"11":0.9562927485,"12":0.9562290907},"val_lr":{"0":0.0010000006,"1":0.0010000006,"2":0.0010000006,"3":0.0010000006,"4":0.0010000006,"5":0.0010000006,"6":0.0010000006,"7":0.0010000006,"8":0.0010000006,"9":0.0010000006,"10":0.0010000006,"11":0.0010000006,"12":0.0010000006}}