{"loss":{"0":0.572886169,"1":0.3891454637,"2":0.3064281046,"3":0.2697535753,"4":0.2616036236,"5":0.2312413156,"6":0.2222381979,"7":0.2052999139,"8":0.1985405535,"9":0.1950181723,"10":0.181952998,"11":0.1699900627,"12":0.1698612124,"13":0.1591044217,"14":0.1582210809,"15":0.1529620141,"16":0.1671859324},"accuracy":{"0":0.6910830736,"1":0.8315490484,"2":0.8778542876,"3":0.8960018158,"4":0.9011478424,"5":0.9144357443,"6":0.9190271497,"7":0.9258870482,"8":0.9276145101,"9":0.9311876297,"10":0.9360972643,"11":0.9407069087,"12":0.9416251779,"13":0.9440527558,"14":0.9455301762,"15":0.9476304054,"16":0.9425570965},"lr":{"0":0.0009999952,"1":0.0009999952,"2":0.0009999952,"3":0.0009999952,"4":0.0009999952,"5":0.0009999952,"6":0.0009999952,"7":0.0009999952,"8":0.0009999952,"9":0.0009999952,"10":0.0009999952,"11":0.0009999952,"12":0.0009999952,"13":0.0009999952,"14":0.0009999952,"15":0.0009999952,"16":0.0009999952},"val_loss":{"0":0.4169898331,"1":0.3208947778,"2":0.4556032419,"3":0.2622919679,"4":0.1784058809,"5":0.2837428749,"6":0.3523207605,"7":0.2186223269,"8":0.1822383255,"9":0.1635911167,"10":0.1284899414,"11":0.2927002013,"12":0.1729123443,"13":0.1408096552,"14":0.2940280437,"15":0.1200022027,"16":0.1988580972},"val_accuracy":{"0":0.8214956522,"1":0.8647255301,"2":0.7825457454,"3":0.9010024071,"4":0.9382657409,"5":0.8993635774,"6":0.8710580468,"7":0.9271917343,"8":0.9374383688,"9":0.9447732568,"10":0.957008779,"11":0.8899920583,"12":0.9375337958,"13":0.9542084336,"14":0.8756244779,"15":0.9610978365,"16":0.9307875633},"val_lr":{"0":0.0010000006,"1":0.0010000006,"2":0.0010000006,"3":0.0010000006,"4":0.0010000006,"5":0.0010000006,"6":0.0010000006,"7":0.0010000006,"8":0.0010000006,"9":0.0010000006,"10":0.0010000006,"11":0.0010000006,"12":0.0010000006,"13":0.0010000006,"14":0.0010000006,"15":0.0010000006,"16":0.0010000006}}