{"loss":{"0":0.587115109,"1":0.4502194524,"2":0.3730990589,"3":0.3269031942,"4":0.2898424268,"5":0.2453309,"6":0.2527798712},"accuracy":{"0":0.672085464,"1":0.7839436531,"2":0.8358495235,"3":0.8642572761,"4":0.886914432,"5":0.9075258374,"6":0.9028389454},"lr":{"0":0.0009999952,"1":0.0009999952,"2":0.0009999952,"3":0.0009999952,"4":0.0009999952,"5":0.0009999952,"6":0.0009999952},"val_loss":{"0":0.5084658861,"1":0.4787144363,"2":0.2861809134,"3":0.2596707344,"4":0.2004024535,"5":0.1908459961,"6":0.4519028962},"val_accuracy":{"0":0.7394272089,"1":0.7583452463,"2":0.8872553706,"3":0.9026412368,"4":0.9309467077,"5":0.9309626222,"6":0.8240731955},"val_lr":{"0":0.0010000006,"1":0.0010000006,"2":0.0010000006,"3":0.0010000006,"4":0.0010000006,"5":0.0010000006,"6":0.0010000006}}