{"loss":{"0":0.2765821754,"1":0.2374088146,"2":0.2233763665,"3":0.2191203894,"4":0.2166277591,"5":0.2142275632,"6":0.2119661526,"7":0.2084064647,"8":0.2056270942,"9":0.2042032266,"10":0.2035048673,"11":0.2029527065,"12":0.2022313783,"13":0.2017724013,"14":0.2014480599,"15":0.2009367057,"16":0.2007361843,"17":0.2004121297,"18":0.200297506,"19":0.2001460677,"20":0.1997696015,"21":0.1994762222,"22":0.199476659,"23":0.1992107591,"24":0.1991641468,"25":0.1990815375,"26":0.1987986425,"27":0.1987050164,"28":0.1985913269,"29":0.1985711078,"30":0.1983978944,"31":0.1981811086,"32":0.1982613356,"33":0.1981647146,"34":0.1982257206,"35":0.1981050921,"36":0.1979978604,"37":0.1981293994,"38":0.1980782289,"39":0.198090138,"40":0.1981043994,"41":0.198034304,"42":0.1981258047,"43":0.1980368291,"44":0.1980856375,"45":0.1980376369,"46":0.1979915409,"47":0.1977598879,"48":0.1979251682,"49":0.197996967,"50":0.1978475621,"51":0.1978463708,"52":0.1979138338,"53":0.1978584199,"54":0.197961123,"55":0.1980275737,"56":0.1979072451,"57":0.1978744739},"acc":{"0":0.8968494534,"1":0.9095944166,"2":0.917126894,"3":0.9186557531,"4":0.9195654392,"5":0.9202046394,"6":0.9206686616,"7":0.9215490818,"8":0.9220781922,"9":0.9223535657,"10":0.9222918153,"11":0.922611475,"12":0.9225563407,"13":0.922683239,"14":0.9227032661,"15":0.9228167534,"16":0.9229477644,"17":0.9231956005,"18":0.9232056141,"19":0.9231146574,"20":0.9232640266,"21":0.9234301448,"22":0.9233400226,"23":0.9234768748,"24":0.9236237407,"25":0.9236537814,"26":0.9237756133,"27":0.9239516854,"28":0.9240534902,"29":0.9241019487,"30":0.9239884019,"31":0.9241136312,"32":0.9239358306,"33":0.9240760207,"34":0.9241803885,"35":0.9241269827,"36":0.9242287874,"37":0.9242438078,"38":0.9241278172,"39":0.9242688417,"40":0.9242813587,"41":0.9242179394,"42":0.9241586924,"43":0.9243681431,"44":0.9241420031,"45":0.9242329597,"46":0.9244098663,"47":0.9243906736,"48":0.9242988825,"49":0.9243155718,"50":0.9242212772,"51":0.9242179394,"52":0.924262166,"53":0.924285531,"54":0.9242546558,"55":0.924227953,"56":0.9241328239,"57":0.9242171049},"val_loss":{"0":0.2489447762,"1":0.225753774,"2":0.2182584353,"3":0.2167051639,"4":0.2184030233,"5":0.2094069455,"6":0.2093435773,"7":0.2082868296,"8":0.2042200749,"9":0.2107624831,"10":0.2016200684,"11":0.2037522276,"12":0.208182406,"13":0.2000587233,"14":0.2094211801,"15":0.2025706353,"16":0.2237589011,"17":0.1969759243,"18":0.1969947225,"19":0.2061862059,"20":0.1964880086,"21":0.205526279,"22":0.2001951776,"23":0.196924094,"24":0.2011693206,"25":0.2026563716,"26":0.1973372855,"27":0.2025505411,"28":0.1965500904,"29":0.1961528297,"30":0.1986444113,"31":0.1947159738,"32":0.2210576507,"33":0.1937983363,"34":0.2089443186,"35":0.2121900846,"36":0.1961726839,"37":0.1942725409,"38":0.1950961692,"39":0.1990210319,"40":0.1955276215,"41":0.1978754,"42":0.2021306213,"43":0.1979421496,"44":0.2038830762,"45":0.2130801873,"46":0.1965757543,"47":0.1951465089,"48":0.2059121189,"49":0.1996309235,"50":0.1934416516,"51":0.1966291199,"52":0.1967548155,"53":0.202149801,"54":0.2213357612,"55":0.2243755939,"56":0.1964364114,"57":0.2100293421},"val_acc":{"0":0.9050569534,"1":0.9147307873,"2":0.9201610088,"3":0.9200032949,"4":0.9201234579,"5":0.9221588969,"6":0.9221438766,"7":0.9225944877,"8":0.9227822423,"9":0.9201384783,"10":0.9235934019,"11":0.9221513867,"12":0.9210923314,"13":0.9239614606,"14":0.9205816388,"15":0.9221363664,"16":0.912117064,"17":0.9251255989,"18":0.9246900082,"19":0.9216481447,"20":0.9256363511,"21":0.9219711423,"22":0.9248927832,"23":0.9244045615,"24":0.9220837951,"25":0.9215354919,"26":0.9248026609,"27":0.9236460328,"28":0.9258391261,"29":0.92599684,"30":0.9253960252,"31":0.9261771441,"32":0.9153692126,"33":0.9261245131,"34":0.9186288714,"35":0.9168713093,"36":0.9257865548,"37":0.9262372255,"38":0.9257339835,"39":0.9247425795,"40":0.9256513715,"41":0.9243895411,"42":0.9230226278,"43":0.9248927832,"44":0.9236310124,"45":0.9198005199,"46":0.9251105785,"47":0.9258316159,"48":0.9226545691,"49":0.9237812161,"50":0.9263498783,"51":0.9249528646,"52":0.9252382517,"53":0.9252157211,"54":0.9131685495,"55":0.9147157669,"56":0.9248702526,"57":0.9177200198}}