{"loss":{"0":0.4203565949,"1":0.3304237224,"2":0.3199838059,"3":0.3124702874,"4":0.3066938799,"5":0.3010326356,"6":0.2972118048,"7":0.2949009358,"8":0.2931634323,"9":0.2918020768,"10":0.2906879428,"11":0.2896886305,"12":0.2888552277,"13":0.2881553717,"14":0.2871933798,"15":0.2865873735,"16":0.2859371308,"17":0.2852061288,"18":0.2846105142,"19":0.2838909611,"20":0.283143371,"21":0.2825047467,"22":0.2816679066,"23":0.2812114167,"24":0.2806904753,"25":0.2799107178,"26":0.2794463972,"27":0.2788965755,"28":0.2780438388,"29":0.2771429596,"30":0.2763434026,"31":0.2757904076,"32":0.275386935,"33":0.2750172811,"34":0.2747407041,"35":0.274323915,"36":0.2741046123,"37":0.2738646046,"38":0.2735632311,"39":0.2733718225,"40":0.273242903,"41":0.2731951908,"42":0.2727057517,"43":0.2728183053,"44":0.2725167377,"45":0.2725432624,"46":0.2725125673,"47":0.2724003748,"48":0.2722447656,"49":0.2722333962,"50":0.2720659264,"51":0.272244565,"52":0.272030993,"53":0.2719858311,"54":0.271900212,"55":0.271853308,"56":0.2717536032,"57":0.2716812588,"58":0.2715190721,"59":0.271645034,"60":0.2715280715,"61":0.2714493518,"62":0.2713756486,"63":0.2714911004,"64":0.2714046729,"65":0.2713316747,"66":0.2712981926,"67":0.2713172708,"68":0.2713869726,"69":0.2712044185,"70":0.271281085,"71":0.2712024667,"72":0.2713274371,"73":0.2712351929,"74":0.2711867562,"75":0.2711191449,"76":0.2711233326,"77":0.2711183867,"78":0.2710865521,"79":0.2712043424,"80":0.271216743,"81":0.271011438,"82":0.2710791453,"83":0.2712657681,"84":0.270956693,"85":0.2711591105,"86":0.2712025834,"87":0.2710209385,"88":0.2711080712,"89":0.2710096403,"90":0.271140278,"91":0.2710426701,"92":0.2711158173,"93":0.271101662,"94":0.2711574333},"acc":{"0":0.866540134,"1":0.8819422722,"2":0.8845376372,"3":0.8869869709,"4":0.8889197707,"5":0.8911087513,"6":0.8926943541,"7":0.8938493133,"8":0.8947514892,"9":0.8952421546,"10":0.8957295418,"11":0.8960149288,"12":0.8963763118,"13":0.8967368007,"14":0.8970330954,"15":0.8970781565,"16":0.8974912167,"17":0.8977424502,"18":0.897736609,"19":0.8980770707,"20":0.8983048797,"21":0.8984601498,"22":0.8987880945,"23":0.8987371922,"24":0.8987463713,"25":0.899027586,"26":0.8991327286,"27":0.8992279172,"28":0.8995383382,"29":0.8995525241,"30":0.8999121785,"31":0.9001951218,"32":0.9001442194,"33":0.9000816345,"34":0.9002952576,"35":0.9002093077,"36":0.9003386497,"37":0.9004471302,"38":0.9005230665,"39":0.9005213976,"40":0.9005330801,"41":0.9006048441,"42":0.9007067084,"43":0.9006273746,"44":0.9008360505,"45":0.9007325768,"46":0.9006682634,"47":0.9007100463,"48":0.9008794427,"49":0.9008201957,"50":0.9009203315,"51":0.9008585811,"52":0.9009812474,"53":0.9009820819,"54":0.9008919597,"55":0.9008452296,"56":0.9009128213,"57":0.901050508,"58":0.9009336829,"59":0.9009119868,"60":0.9010229707,"61":0.9009737372,"62":0.901134789,"63":0.9009795785,"64":0.901145637,"65":0.9010588527,"66":0.9011990428,"67":0.9009603858,"68":0.9011364579,"69":0.9010980725,"70":0.9010980725,"71":0.9010154605,"72":0.9010638595,"73":0.9011548162,"74":0.9012916684,"75":0.9013058543,"76":0.9011556506,"77":0.9011414647,"78":0.9012975097,"79":0.9011598229,"80":0.9009612203,"81":0.90121907,"82":0.9010496736,"83":0.9011381269,"84":0.9011556506,"85":0.9010747075,"86":0.9011698365,"87":0.9011147618,"88":0.9011973739,"89":0.9010638595,"90":0.9010913968,"91":0.9012115598,"92":0.901145637,"93":0.901063025,"94":0.9011189342},"val_loss":{"0":0.3344176704,"1":0.3201870324,"2":0.3134348162,"3":0.3049156057,"4":0.3022713648,"5":0.2994937189,"6":0.2979946833,"7":0.2926814352,"8":0.2885457916,"9":0.2888025808,"10":0.2898022361,"11":0.3017749498,"12":0.286059389,"13":0.2858867627,"14":0.2821897422,"15":0.2848634932,"16":0.285706215,"17":0.2825798662,"18":0.2836137531,"19":0.2825602971,"20":0.2785732772,"21":0.2896463992,"22":0.277653772,"23":0.2803920126,"24":0.2787351907,"25":0.2755589635,"26":0.2812746987,"27":0.2761458461,"28":0.2755872208,"29":0.2748154015,"30":0.2720588716,"31":0.2737889987,"32":0.287589715,"33":0.2690868692,"34":0.2701224347,"35":0.2713620919,"36":0.2750031411,"37":0.2686827116,"38":0.2716088167,"39":0.27185017,"40":0.269905368,"41":0.2681273912,"42":0.2731625064,"43":0.2721108861,"44":0.2983669645,"45":0.2722736769,"46":0.2662503417,"47":0.2760336935,"48":0.2714978658,"49":0.2741054107,"50":0.2797618023,"51":0.2723670311,"52":0.2709429925,"53":0.2701489296,"54":0.2663069571,"55":0.2663163772,"56":0.2745143526,"57":0.2716588315,"58":0.2663034986,"59":0.2656149769,"60":0.2677110158,"61":0.2757305114,"62":0.2681012589,"63":0.2685720736,"64":0.2764970465,"65":0.2699438228,"66":0.2718140575,"67":0.273551408,"68":0.270914793,"69":0.2658483852,"70":0.2683689105,"71":0.2683515673,"72":0.2748222941,"73":0.2663322668,"74":0.2783098094,"75":0.2680200799,"76":0.2765809906,"77":0.26529345,"78":0.2702841528,"79":0.2652240328,"80":0.2681763596,"81":0.2662939634,"82":0.2658643812,"83":0.2761109703,"84":0.2849282851,"85":0.267605114,"86":0.2729104494,"87":0.2725367326,"88":0.269667925,"89":0.2805951467,"90":0.2674335995,"91":0.26769319,"92":0.2792119404,"93":0.2659858492,"94":0.2680211917},"val_acc":{"0":0.8832683563,"1":0.8846203089,"2":0.8872415423,"3":0.8902383447,"4":0.8910720348,"5":0.8906363845,"6":0.8938209414,"7":0.8942189813,"8":0.8963670731,"9":0.8968777657,"10":0.8962994814,"11":0.8949325085,"12":0.8980870247,"13":0.8988756537,"14":0.8990558982,"15":0.8982672691,"16":0.8978617191,"17":0.8990333676,"18":0.8990784287,"19":0.8993863463,"20":0.9003853202,"21":0.8964647055,"22":0.9009335637,"23":0.9000548124,"24":0.9004454017,"25":0.9010011554,"26":0.8982897997,"27":0.9000247717,"28":0.9000698328,"29":0.9002801776,"30":0.9016320705,"31":0.9002726674,"32":0.8944969177,"33":0.9016621113,"34":0.9019775987,"35":0.9011589289,"36":0.9001899958,"37":0.9025333524,"38":0.9013692141,"39":0.9023831487,"40":0.9016170502,"41":0.9015794992,"42":0.900295198,"43":0.9005054832,"44":0.8904336095,"45":0.9007608294,"46":0.9033970833,"47":0.8992887139,"48":0.9004679322,"49":0.8999271393,"50":0.8983799219,"51":0.9007232785,"52":0.9010387063,"53":0.9025859237,"54":0.9026985765,"55":0.9029915333,"56":0.900497973,"57":0.9016170502,"58":0.9033294916,"59":0.9036524892,"60":0.9021878839,"61":0.8993487954,"62":0.9017972946,"63":0.9028713703,"64":0.899168551,"65":0.9009936452,"66":0.9009410739,"67":0.9015719891,"68":0.9030966759,"69":0.9030065536,"70":0.9024582505,"71":0.9020151496,"72":0.9004454017,"73":0.9030741453,"74":0.8999947309,"75":0.9023531079,"76":0.9001749754,"77":0.9030441046,"78":0.9027962685,"79":0.9037050605,"80":0.9022855163,"81":0.9040655494,"82":0.9032093287,"83":0.8980119228,"84":0.8966825008,"85":0.902638495,"86":0.9008058906,"87":0.9018048048,"88":0.9027587175,"89":0.8969679475,"90":0.9027135968,"91":0.902195394,"92":0.8990258574,"93":0.9030741453,"94":0.9022179246}}