{"loss":{"0":0.6234275699,"1":0.5751752257,"2":0.5611814857,"3":0.5442712307,"4":0.5259693861,"5":0.5089610219,"6":0.493968308,"7":0.4823444486,"8":0.4743027687,"9":0.4665616155,"10":0.461425513,"11":0.4557533562,"12":0.4506306052,"13":0.4454188645,"14":0.4406736195,"15":0.4360739887,"16":0.4308319986,"17":0.4247674346,"18":0.419415772,"19":0.413133651,"20":0.4079633653,"21":0.4020924568,"22":0.3964422047,"23":0.3917671442,"24":0.3871726096,"25":0.3819209337,"26":0.3779952228,"27":0.3743468821,"28":0.3710100353,"29":0.3671317697,"30":0.363886565,"31":0.3617461622,"32":0.3592617512,"33":0.3568827808,"34":0.3546537459,"35":0.3528780639,"36":0.351041317,"37":0.3489465117,"38":0.3473558426,"39":0.3458723724,"40":0.3436810076,"41":0.3426428139,"42":0.3401375413,"43":0.338326484,"44":0.3358020782,"45":0.3341596723,"46":0.3321400285,"47":0.3308600187,"48":0.3288109303,"49":0.3276067674,"50":0.3262381256,"51":0.3258320987,"52":0.3247959018,"53":0.3228358328,"54":0.3222836256,"55":0.3219265342,"56":0.3204735219,"57":0.3197461367,"58":0.3186528087,"59":0.3184849024,"60":0.3177900612,"61":0.3160018921,"62":0.3164099157},"accuracy":{"0":0.6418138146,"1":0.6833685637,"2":0.6951153278,"3":0.7125264406,"4":0.7309239507,"5":0.7486896515,"6":0.7631912827,"7":0.7732560635,"8":0.7790157795,"9":0.7848892212,"10":0.7879759073,"11":0.7910990119,"12":0.7948130369,"13":0.7977861166,"14":0.8011592031,"15":0.804423213,"16":0.8074871898,"17":0.8116013408,"18":0.8159381747,"19":0.8200159073,"20":0.8238481879,"21":0.8287168741,"22":0.8318036199,"23":0.8351176381,"24":0.8383452892,"25":0.8415638208,"26":0.843809545,"27":0.8465371132,"28":0.8481782079,"29":0.8508785367,"30":0.8529151082,"31":0.854283452,"32":0.8558654189,"33":0.8566791415,"34":0.8583520651,"35":0.8597977161,"36":0.8609205484,"37":0.8622525334,"38":0.8630526066,"39":0.8638981581,"40":0.864761889,"41":0.8652983308,"42":0.8667939305,"43":0.867662251,"44":0.8686850667,"45":0.8691123724,"46":0.8705489039,"47":0.870898962,"48":0.8721809387,"49":0.8726946115,"50":0.8730401397,"51":0.8732492328,"52":0.87392205,"53":0.8748857975,"54":0.8753312826,"55":0.8757176995,"56":0.8761268258,"57":0.8764223456,"58":0.8765950799,"59":0.8770042062,"60":0.8778588772,"61":0.8788635135,"62":0.8783634305},"lr":{"0":0.0009999952,"1":0.0009999952,"2":0.0009999952,"3":0.0009999952,"4":0.0009999952,"5":0.0009999952,"6":0.0009999952,"7":0.0009999952,"8":0.0009999952,"9":0.0009999952,"10":0.0009999952,"11":0.0009999952,"12":0.0009999952,"13":0.0009999952,"14":0.0009999952,"15":0.0009999952,"16":0.0009999952,"17":0.0009999952,"18":0.0009999952,"19":0.0009999952,"20":0.0009999952,"21":0.0009999952,"22":0.0009999952,"23":0.0009999952,"24":0.0009999952,"25":0.0009999952,"26":0.0009999952,"27":0.0009999952,"28":0.0009999952,"29":0.0009999952,"30":0.0009999952,"31":0.0009999952,"32":0.0009999952,"33":0.0009999952,"34":0.0009999952,"35":0.0009999952,"36":0.0009999952,"37":0.0009999952,"38":0.0009999952,"39":0.0009999952,"40":0.0009999952,"41":0.0009999952,"42":0.0009999952,"43":0.0009999952,"44":0.0009999952,"45":0.0009999952,"46":0.0009999952,"47":0.0009999952,"48":0.0009999952,"49":0.0009999952,"50":0.0009999952,"51":0.0009999952,"52":0.0009999952,"53":0.0009999952,"54":0.0009999952,"55":0.0009999952,"56":0.0009999952,"57":0.0009999952,"58":0.0009999952,"59":0.0009999952,"60":0.0009999952,"61":0.0009999952,"62":0.0009999952},"val_loss":{"0":0.5820144415,"1":0.5684723258,"2":0.5598983169,"3":0.5341926217,"4":0.5260453224,"5":0.4979601204,"6":0.494228065,"7":0.4848913848,"8":0.4705467522,"9":0.4638858438,"10":0.456153363,"11":0.4687955081,"12":0.4482375383,"13":0.4427317977,"14":0.4413020015,"15":0.4420757294,"16":0.4274884462,"17":0.4208754003,"18":0.4204464555,"19":0.4093633592,"20":0.4108193219,"21":0.3967008293,"22":0.3928159177,"23":0.4055771828,"24":0.3860339224,"25":0.3802820146,"26":0.3792747259,"27":0.3698201776,"28":0.3649339378,"29":0.3719630241,"30":0.3633292615,"31":0.3575838506,"32":0.3585233986,"33":0.3525581956,"34":0.3562778831,"35":0.3612938821,"36":0.3481383026,"37":0.3481450081,"38":0.3458356857,"39":0.3408057988,"40":0.3462941945,"41":0.341936022,"42":0.3358233869,"43":0.3364188075,"44":0.3325247765,"45":0.3291989267,"46":0.3303852677,"47":0.3293990493,"48":0.3290828168,"49":0.3307792246,"50":0.3236679733,"51":0.3321197331,"52":0.3225737512,"53":0.3341465592,"54":0.3189202845,"55":0.3278705776,"56":0.3264260292,"57":0.3203720748,"58":0.3483170271,"59":0.3211525679,"60":0.3169412315,"61":0.3153153956,"62":0.3117181361},"val_accuracy":{"0":0.6761177182,"1":0.6932219863,"2":0.7185043693,"3":0.7215433717,"4":0.7511694431,"5":0.7587112188,"6":0.7735719681,"7":0.7799045444,"8":0.7770564556,"9":0.7823389173,"10":0.7912808061,"11":0.7706284523,"12":0.7950835228,"13":0.8012092113,"14":0.798758924,"15":0.8062211871,"16":0.8083691597,"17":0.8153539896,"18":0.8196658492,"19":0.8248846531,"20":0.8256006241,"21":0.8352903724,"22":0.8383452892,"23":0.8188384771,"24":0.8400158882,"25":0.8436117768,"26":0.8450755477,"27":0.8483213782,"28":0.8540174961,"29":0.8467939496,"30":0.8552585244,"31":0.8576292992,"32":0.8560222983,"33":0.8586634994,"34":0.8591089845,"35":0.8533969522,"36":0.8625298142,"37":0.8634208441,"38":0.8625138998,"39":0.866809845,"40":0.864280045,"41":0.8661416173,"42":0.8697374463,"43":0.8688942194,"44":0.869705677,"45":0.8724423051,"46":0.8712490201,"47":0.8701511621,"48":0.8698647618,"49":0.8707717061,"50":0.8742084503,"51":0.8734288216,"52":0.8764677644,"53":0.8699602485,"54":0.879586339,"55":0.8697533607,"56":0.8765314221,"57":0.8766587377,"58":0.8568019271,"59":0.8776133657,"60":0.8807318807,"61":0.8773428798,"62":0.8803341389},"val_lr":{"0":0.0010000006,"1":0.0010000006,"2":0.0010000006,"3":0.0010000006,"4":0.0010000006,"5":0.0010000006,"6":0.0010000006,"7":0.0010000006,"8":0.0010000006,"9":0.0010000006,"10":0.0010000006,"11":0.0010000006,"12":0.0010000006,"13":0.0010000006,"14":0.0010000006,"15":0.0010000006,"16":0.0010000006,"17":0.0010000006,"18":0.0010000006,"19":0.0010000006,"20":0.0010000006,"21":0.0010000006,"22":0.0010000006,"23":0.0010000006,"24":0.0010000006,"25":0.0010000006,"26":0.0010000006,"27":0.0010000006,"28":0.0010000006,"29":0.0010000006,"30":0.0010000006,"31":0.0010000006,"32":0.0010000006,"33":0.0010000006,"34":0.0010000006,"35":0.0010000006,"36":0.0010000006,"37":0.0010000006,"38":0.0010000006,"39":0.0010000006,"40":0.0010000006,"41":0.0010000006,"42":0.0010000006,"43":0.0010000006,"44":0.0010000006,"45":0.0010000006,"46":0.0010000006,"47":0.0010000006,"48":0.0010000006,"49":0.0010000006,"50":0.0010000006,"51":0.0010000006,"52":0.0010000006,"53":0.0010000006,"54":0.0010000006,"55":0.0010000006,"56":0.0010000006,"57":0.0010000006,"58":0.0010000006,"59":0.0010000006,"60":0.0010000006,"61":0.0010000006,"62":0.0010000006}}