{"loss":{"0":0.6276933551,"1":0.5635529757,"2":0.540666759,"3":0.5311731696,"4":0.5260959268,"5":0.5217411518,"6":0.5172700882,"7":0.5125683546,"8":0.5073064566,"9":0.5022590756,"10":0.4969161153,"11":0.4914277792,"12":0.4846201539,"13":0.4718576074,"14":0.4582045674,"15":0.4479555488,"16":0.4406266809,"17":0.4350643456,"18":0.4302829802,"19":0.426268518,"20":0.4225313663,"21":0.4190355539,"22":0.4157346487,"23":0.4130248427,"24":0.4094734788,"25":0.4064478576,"26":0.40315938,"27":0.3998364806,"28":0.3963626325,"29":0.3924096525,"30":0.3886532187,"31":0.3848508298,"32":0.3806223571,"33":0.376241833,"34":0.3718926013,"35":0.3678447008,"36":0.3633836806,"37":0.3597413003,"38":0.3557158113,"39":0.3518041074,"40":0.348631829,"41":0.3453295529,"42":0.341845721,"43":0.339034915,"44":0.3363794088,"45":0.3336766362,"46":0.3313646019,"47":0.3283540308,"48":0.3270617425,"49":0.3251989782,"50":0.3228467703,"51":0.3212295473,"52":0.3195281327,"53":0.3175435662,"54":0.315603137,"55":0.3143806159,"56":0.311991781,"57":0.3103851974,"58":0.3084548414,"59":0.3078742027,"60":0.3052129149,"61":0.3036906123,"62":0.3020812273,"63":0.3014003634,"64":0.3000954986,"65":0.2978450954,"66":0.2957805395,"67":0.2953258753,"68":0.2937611938,"69":0.2934800088,"70":0.2912828624,"71":0.2905613184,"72":0.2891669571,"73":0.2888423502,"74":0.2867724001,"75":0.2864375114,"76":0.2852805555,"77":0.2843484581,"78":0.2830803096,"79":0.2830504775,"80":0.281334132,"81":0.2812377214,"82":0.2797690332,"83":0.2785945237,"84":0.2786324024},"accuracy":{"0":0.6362359524,"1":0.6779088378,"2":0.6978929639,"3":0.7086623311,"4":0.7157404423,"5":0.7212637663,"6":0.7275826931,"7":0.7343107462,"8":0.7427889705,"9":0.7522809505,"10":0.7616092563,"11":0.7710148692,"12":0.7785566449,"13":0.7920945287,"14":0.801895678,"15":0.8075371981,"16":0.8113285303,"17":0.8144516349,"18":0.8173155785,"19":0.8192112446,"20":0.821775198,"21":0.8233708143,"22":0.8255028725,"23":0.8269075751,"24":0.8293533325,"25":0.8308762312,"26":0.8328946233,"27":0.8353130817,"28":0.8375724554,"29":0.8400409222,"30":0.8425821066,"31":0.8448960185,"32":0.8470417261,"33":0.8498193026,"34":0.8521332145,"35":0.8544470668,"36":0.8566018939,"37":0.8585384488,"38":0.860306859,"39":0.8627343774,"40":0.8644936681,"41":0.8664666414,"42":0.8692033291,"43":0.8707125783,"44":0.8720217943,"45":0.8737310767,"46":0.8751403689,"47":0.8766450882,"48":0.8769541979,"49":0.878017962,"50":0.8790453672,"51":0.8791999221,"52":0.8806136847,"53":0.8814820051,"54":0.8826003075,"55":0.8835276961,"56":0.8841186762,"57":0.8851278424,"58":0.8861234188,"59":0.8868826032,"60":0.8876190186,"61":0.888014555,"62":0.8890964985,"63":0.8896965384,"64":0.8895511031,"65":0.8914331198,"66":0.8920559287,"67":0.8920013905,"68":0.892578721,"69":0.8932560682,"70":0.8942379951,"71":0.8943061829,"72":0.8953562975,"73":0.8945471048,"74":0.8959427476,"75":0.8961609006,"76":0.8966928124,"77":0.8974565268,"78":0.897747457,"79":0.8978156447,"80":0.8988021612,"81":0.8987066746,"82":0.8994658589,"83":0.8993613124,"84":0.8996522427},"lr":{"0":0.0009999952,"1":0.0009999952,"2":0.0009999952,"3":0.0009999952,"4":0.0009999952,"5":0.0009999952,"6":0.0009999952,"7":0.0009999952,"8":0.0009999952,"9":0.0009999952,"10":0.0009999952,"11":0.0009999952,"12":0.0009999952,"13":0.0009999952,"14":0.0009999952,"15":0.0009999952,"16":0.0009999952,"17":0.0009999952,"18":0.0009999952,"19":0.0009999952,"20":0.0009999952,"21":0.0009999952,"22":0.0009999952,"23":0.0009999952,"24":0.0009999952,"25":0.0009999952,"26":0.0009999952,"27":0.0009999952,"28":0.0009999952,"29":0.0009999952,"30":0.0009999952,"31":0.0009999952,"32":0.0009999952,"33":0.0009999952,"34":0.0009999952,"35":0.0009999952,"36":0.0009999952,"37":0.0009999952,"38":0.0009999952,"39":0.0009999952,"40":0.0009999952,"41":0.0009999952,"42":0.0009999952,"43":0.0009999952,"44":0.0009999952,"45":0.0009999952,"46":0.0009999952,"47":0.0009999952,"48":0.0009999952,"49":0.0009999952,"50":0.0009999952,"51":0.0009999952,"52":0.0009999952,"53":0.0009999952,"54":0.0009999952,"55":0.0009999952,"56":0.0009999952,"57":0.0009999952,"58":0.0009999952,"59":0.0009999952,"60":0.0009999952,"61":0.0009999952,"62":0.0009999952,"63":0.0009999952,"64":0.0009999952,"65":0.0009999952,"66":0.0009999952,"67":0.0009999952,"68":0.0009999952,"69":0.0009999952,"70":0.0009999952,"71":0.0009999952,"72":0.0009999952,"73":0.0009999952,"74":0.0009999952,"75":0.0009999952,"76":0.0009999952,"77":0.0009999952,"78":0.0009999952,"79":0.0009999952,"80":0.0009999952,"81":0.0009999952,"82":0.0009999952,"83":0.0009999952,"84":0.0009999952},"val_loss":{"0":0.5810186863,"1":0.5510409474,"2":0.5339378715,"3":0.5304783583,"4":0.5229585171,"5":0.5184751749,"6":0.514618516,"7":0.5099981427,"8":0.5076002479,"9":0.4990650415,"10":0.4927826524,"11":0.487783879,"12":0.4795308411,"13":0.4708631337,"14":0.4526027441,"15":0.4441235065,"16":0.4364928603,"17":0.4346495271,"18":0.4281453788,"19":0.4248233736,"20":0.4229991436,"21":0.417329073,"22":0.4131176472,"23":0.4108653963,"24":0.4169089496,"25":0.4048878551,"26":0.4079458117,"27":0.3988829851,"28":0.39368397,"29":0.3896218538,"30":0.3871869147,"31":0.3823352456,"32":0.3776105344,"33":0.3728591204,"34":0.3758841455,"35":0.3695663512,"36":0.3608578444,"37":0.3638349473,"38":0.3562568724,"39":0.3505483866,"40":0.3451856971,"41":0.3418249488,"42":0.3396237493,"43":0.3357346058,"44":0.3355136216,"45":0.331589818,"46":0.3299971223,"47":0.3329892457,"48":0.3270093203,"49":0.3619172275,"50":0.3227346241,"51":0.3205584884,"52":0.3183418512,"53":0.3137974143,"54":0.3190535605,"55":0.3104869723,"56":0.3101064563,"57":0.3070325255,"58":0.3139202893,"59":0.310570389,"60":0.3029265702,"61":0.3007177413,"62":0.3009876311,"63":0.3040738404,"64":0.2960884571,"65":0.304641813,"66":0.2964887321,"67":0.2942243218,"68":0.2969951034,"69":0.2990344763,"70":0.2947750986,"71":0.2982831597,"72":0.2867130637,"73":0.2859429419,"74":0.2925342023,"75":0.2836722136,"76":0.2816310227,"77":0.2841668427,"78":0.2810866833,"79":0.2805360556,"80":0.2829187512,"81":0.2793166935,"82":0.281088531,"83":0.2740788162,"84":0.2756953239},"val_accuracy":{"0":0.6629276276,"1":0.6830707788,"2":0.7034844756,"3":0.7167541981,"4":0.7195703983,"5":0.7254892588,"6":0.733253777,"7":0.7362927794,"8":0.7503898144,"9":0.7634367347,"10":0.7703102827,"11":0.7779156566,"12":0.7813842297,"13":0.7958472371,"14":0.8020047545,"15":0.8122991323,"16":0.8162131906,"17":0.8187589645,"18":0.8200159073,"19":0.8210978508,"20":0.8224502802,"21":0.8252347112,"22":0.8288305402,"23":0.8301193118,"24":0.8219729662,"25":0.8344311714,"26":0.8317103982,"27":0.8371360302,"28":0.8413524032,"29":0.8425616622,"30":0.8443595767,"31":0.845743835,"32":0.8482736945,"33":0.8533174396,"34":0.8496897221,"35":0.8574224114,"36":0.8580747843,"37":0.8539220095,"38":0.8612410426,"39":0.8633890152,"40":0.8682259321,"41":0.871042192,"42":0.8705170751,"43":0.8719172478,"44":0.869116962,"45":0.8758790493,"46":0.8774065375,"47":0.8774065375,"48":0.8746539354,"49":0.8554335833,"50":0.8757836223,"51":0.8828321695,"52":0.8788862228,"53":0.8829275966,"54":0.878854394,"55":0.8838345408,"56":0.8870326281,"57":0.8871439695,"58":0.8802545667,"59":0.8841368556,"60":0.8881940842,"61":0.8887668848,"62":0.891726315,"63":0.8907239437,"64":0.8902784586,"65":0.8840891123,"66":0.8891169429,"67":0.8909307718,"68":0.893890202,"69":0.88668257,"70":0.8885759711,"71":0.8863007426,"72":0.8957676888,"73":0.8948767185,"74":0.8901193142,"75":0.90136832,"76":0.899077177,"77":0.8974701762,"78":0.8999045491,"79":0.8984725475,"80":0.8939061165,"81":0.8987112045,"82":0.8965632319,"83":0.9015115499,"84":0.9047096372},"val_lr":{"0":0.0010000006,"1":0.0010000006,"2":0.0010000006,"3":0.0010000006,"4":0.0010000006,"5":0.0010000006,"6":0.0010000006,"7":0.0010000006,"8":0.0010000006,"9":0.0010000006,"10":0.0010000006,"11":0.0010000006,"12":0.0010000006,"13":0.0010000006,"14":0.0010000006,"15":0.0010000006,"16":0.0010000006,"17":0.0010000006,"18":0.0010000006,"19":0.0010000006,"20":0.0010000006,