{"loss":{"0":0.6581810713,"1":0.5785477161,"2":0.5658397675,"3":0.5542263985,"4":0.5411660075,"5":0.5307793021,"6":0.5229460597,"7":0.5150511265,"8":0.5075011253,"9":0.5001410246,"10":0.4937587678,"11":0.4886271954,"12":0.4837694168,"13":0.4792088866,"14":0.4746779799,"15":0.4711786807,"16":0.46716398,"17":0.4631922543,"18":0.4595196545,"19":0.4554277956,"20":0.451012522,"21":0.4466786087,"22":0.4418461621,"23":0.4367852509,"24":0.4320981205,"25":0.426920414,"26":0.4218327403,"27":0.4158119559,"28":0.409526825,"29":0.4040180445,"30":0.3992485404,"31":0.3953002691,"32":0.391376555,"33":0.387040168,"34":0.3830816448,"35":0.3796377778,"36":0.375967592,"37":0.3716080189,"38":0.3679625988,"39":0.363417685,"40":0.3609113991,"41":0.3583859801,"42":0.3552356362,"43":0.3524414003,"44":0.3499670029,"45":0.3478839993,"46":0.3443767428,"47":0.3416956365,"48":0.3392297029,"49":0.3359690309,"50":0.3335025012,"51":0.3305469751,"52":0.3270965517,"53":0.3250188231,"54":0.3221208155,"55":0.3192550242,"56":0.3170516193,"57":0.3155476749,"58":0.3124643862,"59":0.3113153875,"60":0.3089598119,"61":0.3067000806,"62":0.3058046401,"63":0.3032589853,"64":0.3018647432,"65":0.2993913293,"66":0.2972555757,"67":0.2949824035,"68":0.2922379076,"69":0.2904470563,"70":0.2873488367,"71":0.2847882509,"72":0.2815816998,"73":0.2787749171,"74":0.275265485,"75":0.2723090649,"76":0.2689300478,"77":0.2657968998,"78":0.2621362507,"79":0.2595379055,"80":0.2563035786,"81":0.2535636723,"82":0.2504967451,"83":0.2481610179,"84":0.2454721928,"85":0.2428309619,"86":0.240670234,"87":0.2388163358,"88":0.2351725101,"89":0.2338672727,"90":0.2310555577,"91":0.2286695987,"92":0.2265713811,"93":0.224841401,"94":0.2220725417,"95":0.219831869,"96":0.2182865292,"97":0.2162334472,"98":0.2137624323,"99":0.2111314982},"accuracy":{"0":0.5995181203,"1":0.6730810404,"2":0.6802591085,"3":0.6898374557,"4":0.7009341717,"5":0.7093033195,"6":0.7191726565,"7":0.7328242064,"8":0.7487578392,"9":0.7622730136,"10":0.7741197944,"11":0.782147944,"12":0.7889760137,"13":0.7941402197,"14":0.7983270884,"15":0.8002682328,"16":0.8043186665,"17":0.806255281,"18":0.8090100884,"19":0.8107103109,"20":0.8125423193,"21":0.8151426315,"22":0.8171383142,"23":0.8193840384,"24":0.8209569454,"25":0.8239617944,"26":0.8266939521,"27":0.8301398158,"28":0.8330674171,"29":0.8360268474,"30":0.8377770185,"31":0.8399227262,"32":0.8419411182,"33":0.8439549804,"34":0.8452551365,"35":0.8469417095,"36":0.848746419,"37":0.8513376713,"38":0.8533469439,"39":0.8559609056,"40":0.8572519422,"41":0.8581338525,"42":0.8598886132,"43":0.8611251116,"44":0.8627389669,"45":0.8633617163,"46":0.8657892942,"47":0.8670849204,"48":0.8680759072,"49":0.8702079654,"50":0.8707171082,"51":0.8728628159,"52":0.8743266463,"53":0.8753358126,"54":0.8771997094,"55":0.8792544603,"56":0.8804409504,"57":0.8810364604,"58":0.8824002743,"59":0.8829230666,"60":0.8846732378,"61":0.8855597377,"62":0.8860097528,"63":0.8870235085,"64":0.887896359,"65":0.889441967,"66":0.8904102445,"67":0.8914694786,"68":0.8933879137,"69":0.8940197825,"70":0.8962700367,"71":0.8966882825,"72":0.8989339471,"73":0.9003114104,"74":0.9016342759,"75":0.902938962,"76":0.904625535,"77":0.9059892893,"78":0.9073030949,"79":0.9089941978,"80":0.9101579785,"81":0.9113308191,"82":0.9125946164,"83":0.9134174585,"84":0.9147221446,"85":0.9156085849,"86":0.9168860316,"87":0.9173088074,"88":0.9195181131,"89":0.9199590683,"90":0.9214910865,"91":0.9222093225,"92":0.9233003855,"93":0.9238685966,"94":0.9246459603,"95":0.9258824587,"96":0.9262052774,"97":0.9275508523,"98":0.9282554984,"99":0.9294510484},"lr":{"0":0.0009999952,"1":0.0009999952,"2":0.0009999952,"3":0.0009999952,"4":0.0009999952,"5":0.0009999952,"6":0.0009999952,"7":0.0009999952,"8":0.0009999952,"9":0.0009999952,"10":0.0009999952,"11":0.0009999952,"12":0.0009999952,"13":0.0009999952,"14":0.0009999952,"15":0.0009999952,"16":0.0009999952,"17":0.0009999952,"18":0.0009999952,"19":0.0009999952,"20":0.0009999952,"21":0.0009999952,"22":0.0009999952,"23":0.0009999952,"24":0.0009999952,"25":0.0009999952,"26":0.0009999952,"27":0.0009999952,"28":0.0009999952,"29":0.0009999952,"30":0.0009999952,"31":0.0009999952,"32":0.0009999952,"33":0.0009999952,"34":0.0009999952,"35":0.0009999952,"36":0.0009999952,"37":0.0009999952,"38":0.0009999952,"39":0.0009999952,"40":0.0009999952,"41":0.0009999952,"42":0.0009999952,"43":0.0009999952,"44":0.0009999952,"45":0.0009999952,"46":0.0009999952,"47":0.0009999952,"48":0.0009999952,"49":0.0009999952,"50":0.0009999952,"51":0.0009999952,"52":0.0009999952,"53":0.0009999952,"54":0.0009999952,"55":0.0009999952,"56":0.0009999952,"57":0.0009999952,"58":0.0009999952,"59":0.0009999952,"60":0.0009999952,"61":0.0009999952,"62":0.0009999952,"63":0.0009999952,"64":0.0009999952,"65":0.0009999952,"66":0.0009999952,"67":0.0009999952,"68":0.0009999952,"69":0.0009999952,"70":0.0009999952,"71":0.0009999952,"72":0.0009999952,"73":0.0009999952,"74":0.0009999952,"75":0.0009999952,"76":0.0009999952,"77":0.0009999952,"78":0.0009999952,"79":0.0009999952,"80":0.0009999952,"81":0.0009999952,"82":0.0009999952,"83":0.0009999952,"84":0.0009999952,"85":0.0009999952,"86":0.0009999952,"87":0.0009999952,"88":0.0009999952,"89":0.0009999952,"90":0.0009999952,"91":0.0009999952,"92":0.0009999952,"93":0.0009999952,"94":0.0009999952,"95":0.0009999952,"96":0.0009999952,"97":0.0009999952,"98":0.0009999952,"99":0.0009999952},"val_loss":{"0":0.5907975435,"1":0.5725986958,"2":0.5603513122,"3":0.5473203063,"4":0.5360168815,"5":0.526548326,"6":0.5176178813,"7":0.5092359185,"8":0.5006671548,"9":0.4983273149,"10":0.4895423949,"11":0.484533608,"12":0.4786892831,"13":0.4771668613,"14":0.4691571891,"15":0.466575563,"16":0.4627650678,"17":0.4615940452,"18":0.4660982788,"19":0.4523446858,"20":0.4461513758,"21":0.4417180717,"22":0.4364630282,"23":0.4337064326,"24":0.4326254129,"25":0.4236968458,"26":0.4181150198,"27":0.4106946588,"28":0.4078442454,"29":0.3995986283,"30":0.3957870305,"31":0.3989033997,"32":0.3882506192,"33":0.3888200521,"34":0.3805511594,"35":0.3740341365,"36":0.3720909953,"37":0.3656844199,"38":0.3634355664,"39":0.3595521748,"40":0.3552652001,"41":0.3542286754,"42":0.3619899154,"43":0.349732995,"44":0.3466818631,"45":0.3417185545,"46":0.3413030803,"47":0.33626917,"48":0.3520703614,"49":0.3547894061,"50":0.3271123767,"51":0.3295618594,"52":0.3340037763,"53":0.3201236427,"54":0.3181257844,"55":0.3127550483,"56":0.3164424896,"57":0.3105434477,"58":0.314771235,"59":0.3083721399,"60":0.3091269732,"61":0.3156386912,"62":0.2992979884,"63":0.2957731783,"64":0.2951145768,"65":0.2925637662,"66":0.2911761403,"67":0.2907092571,"68":0.2878332734,"69":0.2836869359,"70":0.2849617898,"71":0.2806059718,"72":0.2768128812,"73":0.2745791376,"74":0.2717970312,"75":0.2677823901,"76":0.2680653334,"77":0.262069881,"78":0.2578739822,"79":0.2546857893,"80":0.2534055412,"81":0.2518257201,"82":0.2502149045,"83":0.2465888709,"84":0.2468201816,"85":0.238308847,"86":0.2408890724,"87":0.2382586449,"88":0.2333834022,"89":0.2397160232,"90":0.2314511836,"91":0.2342841476,"92":0.2229563594,"93":0.2210763991,"94":0.2170312852,"95":0.2184415311,"96":0.21448268,"97":0.2108682096,"98":0.2093509287,"99":0.2064112276},"val_accuracy":{"0":0.6709467173,"1":0.6840891242,"2":0.6910740137,"3":0.6990931034,"4":0.6990453601,"5":0.7125536799,"6":0.7264757156,"7":0.7387907505,"8":0.7588067055,"9":0.7666348219,"10":0.7771678567,"11":0.7832458019,"12":0.7921559215,"13":0.7928401232,"14":0.804184556,"15":0.8061575294,"16":0.8072553873,"17":0.8041686416,"18":0.796849668,"19":0.8115035892,"20":0.8168973923,"21":0.8171837926,"22":0.8209864497,"23":0.8216865659,"24":0.8174861073,"25":0.8255687952,"26":0.8307875991,"27":0.8311217427,"28":0.8314876556,"29":0.8377088308,"30":0.837788403,"31":0.8361177444,"32":0.8416706324,"33":0.8422275186,"34":0.8460620642,"35":0.8505170941,"36":0.8501988649,"37":0.8556563258,"38":0.8565473557,"39":0.8568019271,"40":0.8620843291,"41":0.8614160419,"42":0.8588225842,"43":0.8622116446,"44":0.8656960726,