{"loss":{"0":0.6220943332,"1":0.5620565414,"2":0.5356940627,"3":0.5210661292,"4":0.5055375099,"5":0.490567565,"6":0.4768211544,"7":0.4646598101,"8":0.4542818069,"9":0.4470386505,"10":0.4407901764,"11":0.4359296262,"12":0.4311996102,"13":0.4267387688,"14":0.4229620099,"15":0.4186162055,"16":0.4138310552,"17":0.4101803601,"18":0.4058138132,"19":0.4027795792,"20":0.3995913267,"21":0.3961642087,"22":0.3934205472,"23":0.3906945884,"24":0.3874487579,"25":0.3840330839,"26":0.3810896575,"27":0.3771508038,"28":0.3733722866,"29":0.3699946105,"30":0.367121309,"31":0.3634210825,"32":0.3611947596,"33":0.3575740159,"34":0.3548187017,"35":0.3532471955,"36":0.3504093885,"37":0.3483783007,"38":0.3461751044,"39":0.3439793587,"40":0.3428517878,"41":0.3414226472,"42":0.3395247757,"43":0.3380126059,"44":0.3365934193,"45":0.3351311684,"46":0.3343753815,"47":0.3324130476,"48":0.3318094015,"49":0.3293963671,"50":0.328843236,"51":0.3280825913,"52":0.3261838555,"53":0.3252200484,"54":0.3241384923,"55":0.3228210807,"56":0.3224882782,"57":0.3206743598,"58":0.3199378848,"59":0.318538785,"60":0.31662637,"61":0.314905256,"62":0.3138208091,"63":0.3128540814,"64":0.3112318814,"65":0.3100465238,"66":0.3090349138,"67":0.3079614937,"68":0.3064591289,"69":0.3054850399,"70":0.3046031296,"71":0.3041226864,"72":0.3023722172,"73":0.3009842634,"74":0.3004043698,"75":0.298779577,"76":0.2978116572,"77":0.2966479361,"78":0.2950450182,"79":0.2939322889,"80":0.2922508717,"81":0.2903235555,"82":0.2894254327,"83":0.2872244418,"84":0.284517616,"85":0.282496959,"86":0.2816576362,"87":0.2786058486,"88":0.2755401433,"89":0.2732872367,"90":0.2710495293,"91":0.2673764527,"92":0.265360415,"93":0.2620732784,"94":0.2594675124,"95":0.2564454377,"96":0.2539767027,"97":0.2513671517,"98":0.2494958341,"99":0.2463270128},"accuracy":{"0":0.6518604159,"1":0.6904602647,"2":0.7057574987,"3":0.7231549025,"4":0.7426661849,"5":0.7594726682,"6":0.7729287148,"7":0.7846255302,"8":0.7939584255,"9":0.8006773591,"10":0.804923296,"11":0.8080236316,"12":0.8118467927,"13":0.8148198724,"14":0.8167110085,"15":0.819724977,"16":0.8232162595,"17":0.8252664804,"18":0.8290714622,"19":0.8311671615,"20":0.8336083889,"21":0.8358358741,"22":0.8375360966,"23":0.8395590186,"24":0.8416047096,"25":0.8445504904,"26":0.845864296,"27":0.8474417329,"28":0.8504239321,"29":0.8517695069,"30":0.8530287743,"31":0.8553244472,"32":0.8561336398,"33":0.858265698,"34":0.8596203923,"35":0.8609433174,"36":0.8620434403,"37":0.8636254072,"38":0.8652256131,"39":0.8663848042,"40":0.8671394587,"41":0.8681440949,"42":0.8687168956,"43":0.8697851896,"44":0.87125808,"45":0.8724628091,"46":0.8722172976,"47":0.8739402294,"48":0.8740356565,"49":0.8758040667,"50":0.8762450218,"51":0.8764632344,"52":0.8779088259,"53":0.8785316348,"54":0.8792771697,"55":0.8802090883,"56":0.8807182908,"57":0.8814319968,"58":0.8821957111,"59":0.883300364,"60":0.8846459985,"61":0.8854597211,"62":0.8862916231,"63":0.8868052959,"64":0.8877054453,"65":0.8881009221,"66":0.8887737393,"67":0.8891737461,"68":0.8899511099,"69":0.8907284737,"70":0.8910194635,"71":0.891746819,"72":0.8921513557,"73":0.8926377892,"74":0.8923195601,"75":0.8938197494,"76":0.894151628,"77":0.8947426081,"78":0.8954471946,"79":0.8961791396,"80":0.8961154819,"81":0.8974747062,"82":0.8977383971,"83":0.8985521197,"84":0.8996567726,"85":0.9004250765,"86":0.9004023075,"87":0.9012615085,"88":0.9029117227,"89":0.9036299586,"90":0.9042164087,"91":0.9056756496,"92":0.9068621397,"93":0.9080804586,"94":0.9092442393,"95":0.9097625017,"96":0.9109990001,"97":0.9120399952,"98":0.9126309752,"99":0.9140583873},"lr":{"0":0.0009999952,"1":0.0009999952,"2":0.0009999952,"3":0.0009999952,"4":0.0009999952,"5":0.0009999952,"6":0.0009999952,"7":0.0009999952,"8":0.0009999952,"9":0.0009999952,"10":0.0009999952,"11":0.0009999952,"12":0.0009999952,"13":0.0009999952,"14":0.0009999952,"15":0.0009999952,"16":0.0009999952,"17":0.0009999952,"18":0.0009999952,"19":0.0009999952,"20":0.0009999952,"21":0.0009999952,"22":0.0009999952,"23":0.0009999952,"24":0.0009999952,"25":0.0009999952,"26":0.0009999952,"27":0.0009999952,"28":0.0009999952,"29":0.0009999952,"30":0.0009999952,"31":0.0009999952,"32":0.0009999952,"33":0.0009999952,"34":0.0009999952,"35":0.0009999952,"36":0.0009999952,"37":0.0009999952,"38":0.0009999952,"39":0.0009999952,"40":0.0009999952,"41":0.0009999952,"42":0.0009999952,"43":0.0009999952,"44":0.0009999952,"45":0.0009999952,"46":0.0009999952,"47":0.0009999952,"48":0.0009999952,"49":0.0009999952,"50":0.0009999952,"51":0.0009999952,"52":0.0009999952,"53":0.0009999952,"54":0.0009999952,"55":0.0009999952,"56":0.0009999952,"57":0.0009999952,"58":0.0009999952,"59":0.0009999952,"60":0.0009999952,"61":0.0009999952,"62":0.0009999952,"63":0.0009999952,"64":0.0009999952,"65":0.0009999952,"66":0.0009999952,"67":0.0009999952,"68":0.0009999952,"69":0.0009999952,"70":0.0009999952,"71":0.0009999952,"72":0.0009999952,"73":0.0009999952,"74":0.0009999952,"75":0.0009999952,"76":0.0009999952,"77":0.0009999952,"78":0.0009999952,"79":0.0009999952,"80":0.0009999952,"81":0.0009999952,"82":0.0009999952,"83":0.0009999952,"84":0.0009999952,"85":0.0009999952,"86":0.0009999952,"87":0.0009999952,"88":0.0009999952,"89":0.0009999952,"90":0.0009999952,"91":0.0009999952,"92":0.0009999952,"93":0.0009999952,"94":0.0009999952,"95":0.0009999952,"96":0.0009999952,"97":0.0009999952,"98":0.0009999952,"99":0.0009999952},"val_loss":{"0":0.5815154314,"1":0.5445261598,"2":0.5258829594,"3":0.5101184845,"4":0.4955284894,"5":0.4808242321,"6":0.4677949846,"7":0.4550045729,"8":0.4496260285,"9":0.4430521727,"10":0.4378189147,"11":0.430259198,"12":0.4344624877,"13":0.4296770394,"14":0.4202587306,"15":0.4158593714,"16":0.4152419567,"17":0.4063919783,"18":0.40200755,"19":0.4047164321,"20":0.4072633684,"21":0.3936098814,"22":0.3899843097,"23":0.3875127435,"24":0.3823006749,"25":0.3791125119,"26":0.3782931864,"27":0.3740879595,"28":0.3718815148,"29":0.3702528477,"30":0.3604466915,"31":0.3655790985,"32":0.3566990793,"33":0.3523470163,"34":0.3478337526,"35":0.3484041691,"36":0.3439935744,"37":0.3420346379,"38":0.340370357,"39":0.3429808021,"40":0.3404324949,"41":0.334531039,"42":0.3408491611,"43":0.3371055126,"44":0.3335924745,"45":0.3480891287,"46":0.3312479258,"47":0.3271918595,"48":0.3255497515,"49":0.3260330856,"50":0.3439119458,"51":0.3242255747,"52":0.3237983286,"53":0.3303557932,"54":0.3172836006,"55":0.321769923,"56":0.3194368184,"57":0.3161867857,"58":0.3333183527,"59":0.3190693259,"60":0.3090470135,"61":0.3216970563,"62":0.3074912429,"63":0.3062001765,"64":0.3080630898,"65":0.3058617413,"66":0.3053104877,"67":0.3039016724,"68":0.3022243381,"69":0.3004767597,"70":0.2999670804,"71":0.3074864149,"72":0.2954999804,"73":0.2970130444,"74":0.292732209,"75":0.2929110825,"76":0.3040139377,"77":0.2924486101,"78":0.2910789847,"79":0.2876163125,"80":0.2990566492,"81":0.2989645004,"82":0.2832400501,"83":0.2867063582,"84":0.2804092169,"85":0.2775060833,"86":0.286449939,"87":0.2718497515,"88":0.2806920707,"89":0.2780430019,"90":0.2649414241,"91":0.2639232278,"92":0.2591798306,"93":0.258806318,"94":0.2601828575,"95":0.2620180845,"96":0.2546469271,"97":0.2557103336,"98":0.2444120049,"99":0.2414738834},"val_accuracy":{"0":0.6834049225,"1":0.6975656152,"2":0.7152107954,"3":0.7380588651,"4":0.7546221018,"5":0.76876688,"6":0.7793954015,"7":0.7945107222,"8":0.797326982,"9":0.8026730418,"10":0.8111057878,"11":0.8135242462,"12":0.8157199621,"13":0.8202386498,"14":0.8216069937,"15":0.8182498217,"16":0.8277804255,"17":0.8286077976,"18":0.8329196572,"19":0.8339856863,"20":0.8245027661,"21":0.8370405436,"22":0.842863977,"23":0.8440413475,"24":0.8454096913,"25":0.8502784371,"26":0.8506603241,"27":0.8483532071,"28":0.8474463224,"29":0.8470803499,"30":0.8576928973,"31":0.8522832394,"32":0.8608750701,"33":0.8602068424,"34":0.8644391298,"35":0.8636117578,"36":0.8657756448,"37":0.866093874,"38":0.8697533607,"39":0.8663166165,"40":0.8665393591,"41":0.8715035915,"42":0.8674463034,"43":0.8707557917,"44":0.8711694479,