{"loss":{"0":0.6548923254,"1":0.5830181241,"2":0.5562329292,"3":0.539996326,"4":0.5323348641,"5":0.5279541612,"6":0.5241026878,"7":0.5205028057,"8":0.516430676,"9":0.5117716193,"10":0.5077005029,"11":0.5027679801,"12":0.497810185,"13":0.4917728305,"14":0.4867459238,"15":0.4818603098,"16":0.4771360755,"17":0.4728388786,"18":0.4681497216,"19":0.4634892344,"20":0.4603281021,"21":0.4565277398,"22":0.4520275593,"23":0.4492277205,"24":0.4455304146,"25":0.4432598948,"26":0.4400517941,"27":0.4380372763,"28":0.4355199933,"29":0.4337304235,"30":0.4316003025,"31":0.4300228357,"32":0.4276696146,"33":0.4262018502,"34":0.42380777,"35":0.4222563207,"36":0.4211186767,"37":0.4182211161,"38":0.4165841043,"39":0.4147459567,"40":0.4126570523,"41":0.4106680155,"42":0.4094754159,"43":0.4075740278,"44":0.4054392576,"45":0.4037421942,"46":0.4023682475,"47":0.4002563059,"48":0.3988475502,"49":0.3972120285,"50":0.3955002129,"51":0.393212378,"52":0.3919064701,"53":0.3898205161,"54":0.3890761733,"55":0.3872463703,"56":0.385124743,"57":0.384185642,"58":0.3827629685,"59":0.3813212812,"60":0.3799034655,"61":0.3794653416,"62":0.3768983483,"63":0.3765127063,"64":0.3750754595,"65":0.3736350238,"66":0.3724104762,"67":0.3711075485,"68":0.3696939349,"69":0.3691504002,"70":0.367516011,"71":0.3671672642,"72":0.3650240004,"73":0.3644411862,"74":0.3630458713,"75":0.3619714677,"76":0.3610129654,"77":0.3605751991,"78":0.3605983555},"accuracy":{"0":0.6022411585,"1":0.670871675,"2":0.6849187613,"3":0.6950244308,"4":0.7008250952,"5":0.7073531151,"6":0.7138038278,"7":0.7196317911,"8":0.7257870436,"9":0.73361516,"10":0.7406523228,"11":0.7492396832,"12":0.7576906681,"13":0.764195919,"14":0.7710330486,"15":0.774433434,"16":0.778047502,"17":0.7810069323,"18":0.7840845585,"19":0.7868939638,"20":0.7878531814,"21":0.7904125452,"22":0.7937174439,"23":0.7945994139,"24":0.7968769073,"25":0.7981725335,"26":0.8004318476,"27":0.8013319969,"28":0.8036958575,"29":0.8040550351,"30":0.8057415485,"31":0.8065189123,"32":0.8090328574,"33":0.8094283342,"34":0.8114785552,"35":0.8133788109,"36":0.8139061332,"37":0.8160154819,"38":0.8169201016,"39":0.8187657595,"40":0.8197113276,"41":0.8206977844,"42":0.8217433691,"43":0.8227980733,"44":0.8250028491,"45":0.8253301382,"46":0.8261938691,"47":0.8280713558,"48":0.8285396099,"49":0.8295215368,"50":0.8309625983,"51":0.8325855136,"52":0.8332310319,"53":0.8354767561,"54":0.8352812529,"55":0.8361495733,"56":0.8377043009,"57":0.8382270932,"58":0.8389498591,"59":0.8398908973,"60":0.8408501148,"61":0.8409455419,"62":0.8420866132,"63":0.8421320319,"64":0.8433276415,"65":0.8442641497,"66":0.8450960517,"67":0.8459734321,"68":0.8466416597,"69":0.8474008441,"70":0.8483191133,"71":0.8483464122,"72":0.8500965834,"73":0.8500193357,"74":0.8508921266,"75":0.8512740135,"76":0.8523423076,"77":0.8522832394,"78":0.8517240882},"lr":{"0":0.0009999952,"1":0.0009999952,"2":0.0009999952,"3":0.0009999952,"4":0.0009999952,"5":0.0009999952,"6":0.0009999952,"7":0.0009999952,"8":0.0009999952,"9":0.0009999952,"10":0.0009999952,"11":0.0009999952,"12":0.0009999952,"13":0.0009999952,"14":0.0009999952,"15":0.0009999952,"16":0.0009999952,"17":0.0009999952,"18":0.0009999952,"19":0.0009999952,"20":0.0009999952,"21":0.0009999952,"22":0.0009999952,"23":0.0009999952,"24":0.0009999952,"25":0.0009999952,"26":0.0009999952,"27":0.0009999952,"28":0.0009999952,"29":0.0009999952,"30":0.0009999952,"31":0.0009999952,"32":0.0009999952,"33":0.0009999952,"34":0.0009999952,"35":0.0009999952,"36":0.0009999952,"37":0.0009999952,"38":0.0009999952,"39":0.0009999952,"40":0.0009999952,"41":0.0009999952,"42":0.0009999952,"43":0.0009999952,"44":0.0009999952,"45":0.0009999952,"46":0.0009999952,"47":0.0009999952,"48":0.0009999952,"49":0.0009999952,"50":0.0009999952,"51":0.0009999952,"52":0.0009999952,"53":0.0009999952,"54":0.0009999952,"55":0.0009999952,"56":0.0009999952,"57":0.0009999952,"58":0.0009999952,"59":0.0009999952,"60":0.0009999952,"61":0.0009999952,"62":0.0009999952,"63":0.0009999952,"64":0.0009999952,"65":0.0009999952,"66":0.0009999952,"67":0.0009999952,"68":0.0009999952,"69":0.0009999952,"70":0.0009999952,"71":0.0009999952,"72":0.0009999952,"73":0.0009999952,"74":0.0009999952,"75":0.0009999952,"76":0.0009999952,"77":0.0009999952,"78":0.0009999952},"val_loss":{"0":0.6007432342,"1":0.5689914227,"2":0.5457351804,"3":0.5345642567,"4":0.5290610194,"5":0.5256553888,"6":0.5212525725,"7":0.5169522166,"8":0.520213604,"9":0.5126965642,"10":0.5043863058,"11":0.4972623885,"12":0.4929926693,"13":0.4885700047,"14":0.4884232581,"15":0.4867657423,"16":0.4860216081,"17":0.4703130722,"18":0.4630987346,"19":0.4623907506,"20":0.4546270669,"21":0.4531354308,"22":0.4488388598,"23":0.4461959004,"24":0.4583866,"25":0.4386169016,"26":0.4385667443,"27":0.4351005256,"28":0.4360277653,"29":0.4302773476,"30":0.4299891591,"31":0.4272477031,"32":0.4259222746,"33":0.4357529879,"34":0.4249757528,"35":0.4204019606,"36":0.4194724858,"37":0.416299969,"38":0.4154334366,"39":0.4126378298,"40":0.4092110097,"41":0.4084844887,"42":0.4160077572,"43":0.4083106816,"44":0.4023328424,"45":0.4030259252,"46":0.4106069803,"47":0.3979355097,"48":0.3997094035,"49":0.3973408639,"50":0.3973540664,"51":0.4005396664,"52":0.3895939291,"53":0.3883316219,"54":0.3852677941,"55":0.3829215765,"56":0.3873434067,"57":0.3802717626,"58":0.380741179,"59":0.3958089054,"60":0.3821217418,"61":0.375742197,"62":0.3752894402,"63":0.3764037192,"64":0.3711490333,"65":0.3707328737,"66":0.370682776,"67":0.3675570488,"68":0.3721723557,"69":0.3686097562,"70":0.3898392022,"71":0.3627934158,"72":0.3656255603,"73":0.368475765,"74":0.3778430223,"75":0.3672670722,"76":0.3574925661,"77":0.3565880656,"78":0.3572953045},"val_accuracy":{"0":0.6476531625,"1":0.6780906916,"2":0.694717586,"3":0.696531415,"4":0.7033094764,"5":0.7127287388,"6":0.7180270553,"7":0.7231822014,"8":0.7309785485,"9":0.7247255445,"10":0.7504693866,"11":0.7585203052,"12":0.759029448,"13":0.7618456483,"14":0.7708194256,"15":0.7584089041,"16":0.7575178742,"17":0.7791249156,"18":0.7895942926,"19":0.7838822603,"20":0.7963722944,"21":0.7953380942,"22":0.7957677245,"23":0.7975974679,"24":0.7668893933,"25":0.8040573001,"26":0.8011137843,"27":0.8052505851,"28":0.7998726964,"29":0.8080350161,"30":0.8077804446,"31":0.8079872727,"32":0.8120923042,"33":0.7946221232,"34":0.8103739023,"35":0.8154494762,"36":0.8145902753,"37":0.8208751082,"38":0.8168814778,"39":0.818536222,"40":0.8245982528,"41":0.8223866224,"42":0.8132219315,"43":0.823818624,"44":0.8278122544,"45":0.8263325095,"46":0.8160541058,"47":0.8320922852,"48":0.8310262561,"49":0.8307239413,"50":0.82779634,"51":0.8231980801,"52":0.8338742852,"53":0.8349243999,"54":0.8383134604,"55":0.8394749165,"56":0.8341606855,"57":0.8410342336,"58":0.8438026905,"59":0.8274303675,"60":0.8423548341,"61":0.845266521,"62":0.845505178,"63":0.841288805,"64":0.8489896655,"65":0.845743835,"66":0.845266521,"67":0.8475417495,"68":0.8429117203,"69":0.8489737511,"70":0.8266189098,"71":0.8506762385,"72":0.8517104387,"73":0.8460779786,"74":0.8400158882,"75":0.8459665775,"76":0.8541129827,"77":0.8557677269,"78":0.8536833525},"val_lr":{"0":0.0010000006,"1":0.0010000006,"2":0.0010000006,"3":0.0010000006,"4":0.0010000006,"5":0.0010000006,"6":0.0010000006,"7":0.0010000006,"8":0.0010000006,"9":0.0010000006,"10":0.0010000006,"11":0.0010000006,"12":0.0010000006,"13":0.0010000006,"14":0.0010000006,"15":0.0010000006,"16":0.0010000006,"17":0.0010000006,"18":0.0010000006,"19":0.0010000006,"20":0.0010000006,"21":0.0010000006,"22":0.0010000006,"23":0.0010000006,"24":0.0010000006,"25":0.0010000006,"26":0.0010000006,"27":0.0010000006,"28":0.0010000006,"29":0.0010000006,"30":0.0010000006,"31":0.0010000006,"32":0.0010000006,"33":0.0010000006,"34":0.0010000006,"35":0.0010000006,"36":0.0010000006,"37":0.0010000006,"38":0.0010000006,"39":0.0010000006,"40":0.0010000006,"41":0.0010000006,"42":0.0010000006,"43":0.0010000006,"44":0.0010000006,"45":0.0010000006,"46":0.0010000006,"47":0.0010000006,"48":0.0010000006,"49":0.0010000006,