{"loss":{"0":0.6253361702,"1":0.5700576305,"2":0.5511250496,"3":0.5406448245,"4":0.534304142,"5":0.5299453139,"6":0.5264788866,"7":0.523090899,"8":0.5190405846,"9":0.5147845745,"10":0.5108358264,"11":0.5068899989,"12":0.5031719208,"13":0.4998318553,"14":0.4967916906,"15":0.4938288033,"16":0.4910822511,"17":0.4883546531,"18":0.4857073128,"19":0.483019799,"20":0.4801599979,"21":0.4769533873,"22":0.4721964598,"23":0.4634494185,"24":0.4543613493,"25":0.4465782344,"26":0.4402669072,"27":0.4357643127,"28":0.4324703515,"29":0.4299522042,"30":0.4278756082,"31":0.426315695,"32":0.4248018265,"33":0.4233793318,"34":0.4219298959,"35":0.4207701087,"36":0.4196124673,"37":0.4183014333,"38":0.4169272482,"39":0.4156085849,"40":0.4145108461,"41":0.4133937061,"42":0.4119659662,"43":0.4104523361,"44":0.4091551304,"45":0.4078119993,"46":0.4062548876,"47":0.4047561586,"48":0.403470397,"49":0.4021916091,"50":0.4009445012,"51":0.4001367688,"52":0.3989717662,"53":0.3977640271,"54":0.3969704509,"55":0.3957996368,"56":0.3948076963,"57":0.39371714,"58":0.3931306005,"59":0.3920598328,"60":0.3911038041,"61":0.3902576566,"62":0.3895391822,"63":0.3885873854,"64":0.3877468705,"65":0.3867680132,"66":0.3862584829,"67":0.3854543567,"68":0.3844839931,"69":0.3839746714,"70":0.3832166195,"71":0.3823312521,"72":0.3819952607,"73":0.3811767399,"74":0.380736202,"75":0.3800154924,"76":0.3795762658,"77":0.3790935278,"78":0.3786545098,"79":0.3778473735,"80":0.3774131536,"81":0.3767498732,"82":0.3762879968,"83":0.3759023249,"84":0.375755161,"85":0.3749834895,"86":0.3744226992,"87":0.3740534186,"88":0.3735795617,"89":0.3730820715,"90":0.3728654981,"91":0.3723821938,"92":0.3720682859,"93":0.3712610006,"94":0.3709951341,"95":0.3706421852,"96":0.3700512052,"97":0.3699297011,"98":0.3695373833,"99":0.3691183329},"accuracy":{"0":0.6311808228,"1":0.6786043644,"2":0.6886100769,"3":0.6942380071,"4":0.7006887197,"5":0.7058938742,"6":0.7103716135,"7":0.7126991749,"8":0.7165450454,"9":0.7200863957,"10":0.7228230238,"11":0.7262688875,"12":0.7294647098,"13":0.7324423194,"14":0.7364428043,"15":0.739156723,"16":0.7423843741,"17":0.7451301217,"18":0.7492533326,"19":0.7519536018,"20":0.7553267479,"21":0.7596772313,"22":0.7658506632,"23":0.7763245702,"24":0.7861120701,"25":0.7954131365,"26":0.802022934,"27":0.8054414988,"28":0.8080963492,"29":0.8097829223,"30":0.8104784489,"31":0.8112285733,"32":0.812396884,"33":0.8129332662,"34":0.813228786,"35":0.8139970303,"36":0.8141970634,"37":0.8152199388,"38":0.8157199621,"39":0.816351831,"40":0.8173655868,"41":0.8175337911,"42":0.8182157278,"43":0.8186520934,"44":0.8196976781,"45":0.819611311,"46":0.8205705285,"47":0.8213979006,"48":0.8218525052,"49":0.8223616481,"50":0.8228844404,"51":0.823107183,"52":0.8237981796,"53":0.8239709139,"54":0.8242573142,"55":0.8252664804,"56":0.8252756,"57":0.8259120584,"58":0.8259529471,"59":0.8263893723,"60":0.82646209,"61":0.8268803358,"62":0.8270485401,"63":0.8271667361,"64":0.8273803592,"65":0.8279395103,"66":0.8275031447,"67":0.8280441165,"68":0.8284350634,"69":0.8288623691,"70":0.8289487362,"71":0.8291942477,"72":0.8288396597,"73":0.8295715451,"74":0.829366982,"75":0.8301715851,"76":0.8298715949,"77":0.829603374,"78":0.8299670219,"79":0.8301398158,"80":0.8306398392,"81":0.83091712,"82":0.8308762312,"83":0.8309671283,"84":0.83091712,"85":0.8309444189,"86":0.8312808275,"87":0.8318445086,"88":0.8319218159,"89":0.8319081664,"90":0.8316854239,"91":0.8322082162,"92":0.8322127461,"93":0.8323991299,"94":0.8331264853,"95":0.8330764771,"96":0.8334810734,"97":0.8330628276,"98":0.8335629106,"99":0.833435595},"lr":{"0":0.0009999952,"1":0.0009999952,"2":0.0009999952,"3":0.0009999952,"4":0.0009999952,"5":0.0009999952,"6":0.0009999952,"7":0.0009999952,"8":0.0009999952,"9":0.0009999952,"10":0.0009999952,"11":0.0009999952,"12":0.0009999952,"13":0.0009999952,"14":0.0009999952,"15":0.0009999952,"16":0.0009999952,"17":0.0009999952,"18":0.0009999952,"19":0.0009999952,"20":0.0009999952,"21":0.0009999952,"22":0.0009999952,"23":0.0009999952,"24":0.0009999952,"25":0.0009999952,"26":0.0009999952,"27":0.0009999952,"28":0.0009999952,"29":0.0009999952,"30":0.0009999952,"31":0.0009999952,"32":0.0009999952,"33":0.0009999952,"34":0.0009999952,"35":0.0009999952,"36":0.0009999952,"37":0.0009999952,"38":0.0009999952,"39":0.0009999952,"40":0.0009999952,"41":0.0009999952,"42":0.0009999952,"43":0.0009999952,"44":0.0009999952,"45":0.0009999952,"46":0.0009999952,"47":0.0009999952,"48":0.0009999952,"49":0.0009999952,"50":0.0009999952,"51":0.0009999952,"52":0.0009999952,"53":0.0009999952,"54":0.0009999952,"55":0.0009999952,"56":0.0009999952,"57":0.0009999952,"58":0.0009999952,"59":0.0009999952,"60":0.0009999952,"61":0.0009999952,"62":0.0009999952,"63":0.0009999952,"64":0.0009999952,"65":0.0009999952,"66":0.0009999952,"67":0.0009999952,"68":0.0009999952,"69":0.0009999952,"70":0.0009999952,"71":0.0009999952,"72":0.0009999952,"73":0.0009999952,"74":0.0009999952,"75":0.0009999952,"76":0.0009999952,"77":0.0009999952,"78":0.0009999952,"79":0.0009999952,"80":0.0009999952,"81":0.0009999952,"82":0.0009999952,"83":0.0009999952,"84":0.0009999952,"85":0.0009999952,"86":0.0009999952,"87":0.0009999952,"88":0.0009999952,"89":0.0009999952,"90":0.0009999952,"91":0.0009999952,"92":0.0009999952,"93":0.0009999952,"94":0.0009999952,"95":0.0009999952,"96":0.0009999952,"97":0.0009999952,"98":0.0009999952,"99":0.0009999952},"val_loss":{"0":0.5846173167,"1":0.5598980784,"2":0.5472022295,"3":0.5375953913,"4":0.5323168635,"5":0.527703166,"6":0.5235615969,"7":0.5200244784,"8":0.5168874264,"9":0.5116046667,"10":0.5077289939,"11":0.5037548542,"12":0.5007292032,"13":0.5012399554,"14":0.4940840006,"15":0.4916244149,"16":0.4886594713,"17":0.4869810939,"18":0.4840503037,"19":0.4825535715,"20":0.4788224399,"21":0.4769000113,"22":0.4707946777,"23":0.4588696957,"24":0.4496605992,"25":0.4434376955,"26":0.4382126033,"27":0.4354836345,"28":0.4321812093,"29":0.429803431,"30":0.4289704561,"31":0.4256874323,"32":0.4258543551,"33":0.4235217571,"34":0.422804147,"35":0.4214837253,"36":0.419395268,"37":0.4184263349,"38":0.4177247286,"39":0.4150858521,"40":0.4176687002,"41":0.4134536982,"42":0.4105811715,"43":0.4100040793,"44":0.4103021324,"45":0.4090559781,"46":0.4056214988,"47":0.4039801061,"48":0.4038839042,"49":0.4014783502,"50":0.3993896246,"51":0.3991089165,"52":0.3973816037,"53":0.3971999884,"54":0.3963000774,"55":0.3954335153,"56":0.3960314691,"57":0.3934337497,"58":0.392416507,"59":0.3926495612,"60":0.3915276825,"61":0.3921460211,"62":0.390049547,"63":0.3866055608,"64":0.3860598803,"65":0.3858392239,"66":0.3855905235,"67":0.3847734034,"68":0.3853467703,"69":0.3825363815,"70":0.3815521896,"71":0.3844002783,"72":0.3815732002,"73":0.3838297129,"74":0.3812824488,"75":0.3786585629,"76":0.3814156651,"77":0.3786918819,"78":0.3800463378,"79":0.3779605031,"80":0.3761875629,"81":0.3757374883,"82":0.3782795966,"83":0.3743669093,"84":0.3767046928,"85":0.3733074069,"86":0.3725923002,"87":0.3731581569,"88":0.3719676137,"89":0.3746540844,"90":0.3741826117,"91":0.3709715903,"92":0.3699119091,"93":0.3710262179,"94":0.3717167675,"95":0.3720792234,"96":0.3704897463,"97":0.3683217466,"98":0.3681650758,"99":0.3692428768},"val_accuracy":{"0":0.6561018229,"1":0.6788384914,"2":0.6982657313,"3":0.7018297315,"4":0.7056006193,"5":0.7065871358,"6":0.7109466791,"7":0.714001596,"8":0.7189975977,"9":0.7224661708,"10":0.7268416882,"11":0.7281145453,"12":0.7337788343,"13":0.7363246083,"14":0.7392998934,"15":0.7418456674,"16":0.7455528975,"17":0.7509785295,"18":0.7526809573,"19":0.7552426457,"20":0.7602068186,"21":0.7628480792,"22":0.7666507363,"23":0.7814478874,"24":0.7902306914,"25":0.800588727,"26":0.8028798699,"27":0.8034049273,"28":0.8099761605,"29":0.8112808466,"30":0.8108671308,"31":0.8112649322,"32":0.8125377893,"33":0.8130946755,"34":0.8120604753,"35":0.8148289323,"36":0.8136993051,"37":0.8139061332,"38":0.8146380186,"39":0.818392992,"40":0.8156563044,"41":0.8177088499,"42":0.8208751082,"43":0.8194112778,"44":0.8188384771,"45":0.818536222,