{"loss":{"0":0.6411190629,"1":0.5761017799,"2":0.5485706925,"3":0.5388022661,"4":0.5335898995,"5":0.5297206044,"6":0.52641505,"7":0.5234770775,"8":0.520780623,"9":0.518687129,"10":0.5166462064,"11":0.5143961906,"12":0.5127345324,"13":0.5107749701,"14":0.5088865757,"15":0.5070553422,"16":0.5051395893,"17":0.5029875636,"18":0.5003592968,"19":0.4972859025,"20":0.4936561584,"21":0.4900421202,"22":0.4863775969,"23":0.4833313823,"24":0.4800443351,"25":0.4770424068,"26":0.4732067287,"27":0.4695787728,"28":0.4660812616,"29":0.4617750645,"30":0.4575736523,"31":0.4535574019,"32":0.4495100975,"33":0.4450533092,"34":0.4407917559,"35":0.4367097914,"36":0.4328888655,"37":0.4292412102,"38":0.4262383282,"39":0.4230910242,"40":0.4197510481,"41":0.4175727367,"42":0.4145654738,"43":0.412291348,"44":0.4098293781,"45":0.4071591794,"46":0.4052399993,"47":0.4023768902,"48":0.4000644684,"49":0.3979944885,"50":0.3954371214,"51":0.3930888474,"52":0.3902400136,"53":0.3876702189,"54":0.3856919408,"55":0.3829675019,"56":0.3808977604,"57":0.3786679804,"58":0.375595957,"59":0.3738742769,"60":0.371047467,"61":0.3691478372,"62":0.3666544557,"63":0.3652664423,"64":0.3620593846,"65":0.360402137,"66":0.358292073,"67":0.3565219641,"68":0.3543800116,"69":0.3527449965,"70":0.350205183,"71":0.348985076,"72":0.3468008041,"73":0.3458783925,"74":0.3439583778,"75":0.3422290087,"76":0.3411857784,"77":0.339809984,"78":0.3378874958,"79":0.3374342918,"80":0.3357859552,"81":0.3343114257,"82":0.3332396746,"83":0.3322128356,"84":0.3315158784,"85":0.329839617,"86":0.3292167783,"87":0.327475965,"88":0.3260595798,"89":0.3257163763,"90":0.3250701129,"91":0.3233260214,"92":0.3226099312,"93":0.3205102384,"94":0.3206701279},"accuracy":{"0":0.6166110039,"1":0.6709444523,"2":0.6901193261,"3":0.6983520985,"4":0.702670753,"5":0.7075303793,"6":0.7121855021,"7":0.7171678543,"8":0.7214819789,"9":0.7245823145,"10":0.7267143726,"11":0.7292056084,"12":0.7304739356,"13":0.7327241898,"14":0.7335742712,"15":0.7364200354,"16":0.7375701666,"17":0.7408705354,"18":0.7439981699,"19":0.7480895519,"20":0.7521672845,"21":0.7550266981,"22":0.7589725852,"23":0.7612364888,"24":0.7635822296,"25":0.7656688094,"26":0.7685236931,"27":0.7704875469,"28":0.7737560868,"29":0.7774838209,"30":0.782029748,"31":0.7883805037,"32":0.7947903275,"33":0.8029094338,"34":0.8099147677,"35":0.8158563375,"36":0.8216751814,"37":0.8258438706,"38":0.828866899,"39":0.8312308192,"40":0.8333219886,"41":0.8338993192,"42":0.8354585767,"43":0.8365359902,"44":0.8372405767,"45":0.8380997777,"46":0.8383406997,"47":0.8390089869,"48":0.8395499587,"49":0.8400272727,"50":0.8410183191,"51":0.8421047926,"52":0.8429230452,"53":0.8438549638,"54":0.8444550633,"55":0.8457915783,"56":0.8462780118,"57":0.8467553258,"58":0.8482736945,"59":0.8486509919,"60":0.8497329354,"61":0.8506785035,"62":0.8517104387,"63":0.8522968292,"64":0.8539834023,"65":0.8542698026,"66":0.8554835916,"67":0.8564063907,"68":0.8579929471,"69":0.858265698,"70":0.8597567677,"71":0.8604159355,"72":0.861734271,"73":0.8624252677,"74":0.8633435369,"75":0.8641481996,"76":0.864757359,"77":0.8655892611,"78":0.8666030169,"79":0.8674940467,"80":0.867875874,"81":0.8695806265,"82":0.8694260716,"83":0.8703806996,"84":0.8704943657,"85":0.8715672493,"86":0.8716626763,"87":0.8726491928,"88":0.8736947179,"89":0.8738083839,"90":0.8740902543,"91":0.8753131032,"92":0.8754631281,"93":0.8767269254,"94":0.8767905235},"lr":{"0":0.0009999952,"1":0.0009999952,"2":0.0009999952,"3":0.0009999952,"4":0.0009999952,"5":0.0009999952,"6":0.0009999952,"7":0.0009999952,"8":0.0009999952,"9":0.0009999952,"10":0.0009999952,"11":0.0009999952,"12":0.0009999952,"13":0.0009999952,"14":0.0009999952,"15":0.0009999952,"16":0.0009999952,"17":0.0009999952,"18":0.0009999952,"19":0.0009999952,"20":0.0009999952,"21":0.0009999952,"22":0.0009999952,"23":0.0009999952,"24":0.0009999952,"25":0.0009999952,"26":0.0009999952,"27":0.0009999952,"28":0.0009999952,"29":0.0009999952,"30":0.0009999952,"31":0.0009999952,"32":0.0009999952,"33":0.0009999952,"34":0.0009999952,"35":0.0009999952,"36":0.0009999952,"37":0.0009999952,"38":0.0009999952,"39":0.0009999952,"40":0.0009999952,"41":0.0009999952,"42":0.0009999952,"43":0.0009999952,"44":0.0009999952,"45":0.0009999952,"46":0.0009999952,"47":0.0009999952,"48":0.0009999952,"49":0.0009999952,"50":0.0009999952,"51":0.0009999952,"52":0.0009999952,"53":0.0009999952,"54":0.0009999952,"55":0.0009999952,"56":0.0009999952,"57":0.0009999952,"58":0.0009999952,"59":0.0009999952,"60":0.0009999952,"61":0.0009999952,"62":0.0009999952,"63":0.0009999952,"64":0.0009999952,"65":0.0009999952,"66":0.0009999952,"67":0.0009999952,"68":0.0009999952,"69":0.0009999952,"70":0.0009999952,"71":0.0009999952,"72":0.0009999952,"73":0.0009999952,"74":0.0009999952,"75":0.0009999952,"76":0.0009999952,"77":0.0009999952,"78":0.0009999952,"79":0.0009999952,"80":0.0009999952,"81":0.0009999952,"82":0.0009999952,"83":0.0009999952,"84":0.0009999952,"85":0.0009999952,"86":0.0009999952,"87":0.0009999952,"88":0.0009999952,"89":0.0009999952,"90":0.0009999952,"91":0.0009999952,"92":0.0009999952,"93":0.0009999952,"94":0.0009999952},"val_loss":{"0":0.5919180512,"1":0.5636790991,"2":0.5471438766,"3":0.5370392799,"4":0.5311291218,"5":0.5272075534,"6":0.5262213349,"7":0.5226467252,"8":0.5200392008,"9":0.5188615918,"10":0.5165233612,"11":0.5122603774,"12":0.511205256,"13":0.5090444088,"14":0.5060354471,"15":0.5044004917,"16":0.5025117993,"17":0.5012559295,"18":0.4980247319,"19":0.4947507083,"20":0.4925085008,"21":0.4881036878,"22":0.4824659228,"23":0.4799635708,"24":0.4760198593,"25":0.4732786417,"26":0.4721251428,"27":0.467108041,"28":0.4630453587,"29":0.4668051898,"30":0.4543974698,"31":0.4487659037,"32":0.4472492933,"33":0.4429302216,"34":0.43607831,"35":0.435310483,"36":0.4308793247,"37":0.4287476242,"38":0.423014164,"39":0.4189501405,"40":0.4163477123,"41":0.4151712954,"42":0.42478019,"43":0.41186288,"44":0.4108771086,"45":0.4063698649,"46":0.4081971645,"47":0.4019491673,"48":0.3964633644,"49":0.3937072754,"50":0.3954210877,"51":0.3917373419,"52":0.3883393407,"53":0.3867740631,"54":0.385316968,"55":0.3834654987,"56":0.3823748529,"57":0.3771363795,"58":0.3745839894,"59":0.3704535663,"60":0.3711951077,"61":0.365210861,"62":0.3634646833,"63":0.3639935851,"64":0.3626700044,"65":0.3569051921,"66":0.3548862636,"67":0.3602818251,"68":0.3516075313,"69":0.3729837537,"70":0.3473942578,"71":0.3557078242,"72":0.3436202407,"73":0.3456756771,"74":0.3616290689,"75":0.338298738,"76":0.337682724,"77":0.3390653133,"78":0.3460382819,"79":0.3344981372,"80":0.3307384551,"81":0.3306732476,"82":0.3304004967,"83":0.3298466504,"84":0.32546556,"85":0.3393935859,"86":0.3250693977,"87":0.3258028626,"88":0.3244644403,"89":0.3204347789,"90":0.3187256455,"91":0.3196622729,"92":0.3174257874,"93":0.3167037368,"94":0.3240820765},"val_accuracy":{"0":0.6747176051,"1":0.6682577729,"2":0.6859029531,"3":0.7050278187,"4":0.7041050196,"5":0.7117422223,"6":0.713619709,"7":0.7190612555,"8":0.7213523984,"9":0.7232935429,"10":0.723023057,"11":0.7277963161,"12":0.7372155786,"13":0.7350835204,"14":0.7360063791,"15":0.7391089797,"16":0.7420047522,"17":0.7415910959,"18":0.7424662113,"19":0.7496579289,"20":0.7606682777,"21":0.7635163069,"22":0.7635640502,"23":0.7603500485,"24":0.7639299631,"25":0.7683373094,"26":0.7711376548,"27":0.7752585411,"28":0.7714558244,"29":0.7785839438,"30":0.7864279747,"31":0.7961813807,"32":0.8020047545,"33":0.8023388982,"34":0.8162131906,"35":0.8193794489,"36":0.8299920559,"37":0.8313763142,"38":0.8316149712,"39":0.8342402577,"40":0.8333651423,"41":0.8332378864,"42":0.8334924579,"43":0.8315831423,"44":0.8325695992,"45":0.8340016007,"46":0.8392044306,"47":0.8372156024,"48":0.8398090601,"49":0.8413524032,"50":0.8370405436,"51":0.8415592909,"52":0.8461574912,"53":0.8389657736,"54":0.841288805,"55":0.8405409455,"56":0.8504534364,"57":0.8437390327,"58":0.8518217802,"59":0.8485123515,"60":0.845027864,"61":0.8529832959,"62":0.8512489796,"63":0.8488782644,"64":0.8507398367,"65":0.8532219529,