{"loss":{"0":0.6460466385,"1":0.5707951784,"2":0.5460820794,"3":0.5347522497,"4":0.5272752643,"5":0.5206907392,"6":0.5151657462,"7":0.5097141862,"8":0.5044785738,"9":0.4989354312,"10":0.4936971068,"11":0.488487035,"12":0.482578963,"13":0.4756692648,"14":0.4684912562,"15":0.4605906606,"16":0.453211695,"17":0.4469617605,"18":0.4409345984,"19":0.4358087778,"20":0.4310545623,"21":0.4271612763,"22":0.4240127802,"23":0.4206466377,"24":0.4178577065,"25":0.4150879681,"26":0.4125121236,"27":0.4099536836,"28":0.4071415067,"29":0.404527247,"30":0.4017718732,"31":0.3995299041,"32":0.3967847824,"33":0.3946453333,"34":0.3918992877,"35":0.3898141086,"36":0.3873153627,"37":0.3851493001,"38":0.3828816116,"39":0.3800724149,"40":0.3774836957,"41":0.3753843904,"42":0.3724218607,"43":0.3695409298,"44":0.3669802248,"45":0.3640381992,"46":0.3608148694,"47":0.3577389717,"48":0.354588598,"49":0.351549536,"50":0.3487724364,"51":0.3459530771,"52":0.3440902233,"53":0.341293931,"54":0.3392817378,"55":0.3379284441,"56":0.3359826505,"57":0.3343181014,"58":0.3329227865,"59":0.3313664496,"60":0.3307330012,"61":0.328841418,"62":0.328178376,"63":0.3266655803,"64":0.3257475197,"65":0.3249264956,"66":0.3239046335,"67":0.3230569065,"68":0.3222491443,"69":0.3211423159,"70":0.3202658594,"71":0.320128113,"72":0.3191874921,"73":0.3184767663,"74":0.3177417815,"75":0.3171351254,"76":0.3165508509,"77":0.3161647618,"78":0.3152890205,"79":0.314694494,"80":0.3142974377,"81":0.3140442669,"82":0.3136320412,"83":0.3131886423,"84":0.3128522038,"85":0.3120229542,"86":0.3118181825,"87":0.3111501038,"88":0.311077714,"89":0.3105859458,"90":0.310207516,"91":0.3098453581,"92":0.3098919392},"accuracy":{"0":0.6285123229,"1":0.6760404706,"2":0.692551434,"3":0.7001522779,"4":0.7099988461,"5":0.7223820686,"6":0.7351244688,"7":0.7451301217,"8":0.7510308027,"9":0.7561950088,"10":0.7607818842,"11":0.7651596665,"12":0.7696965337,"13":0.7756563425,"14":0.7815706134,"15":0.7878485918,"16":0.792521894,"17":0.79649508,"18":0.7999045253,"19":0.803354919,"20":0.8062143326,"21":0.8088873625,"22":0.8111285567,"23":0.8133560419,"24":0.8150471449,"25":0.8166973591,"26":0.8190976381,"27":0.8214024305,"28":0.8230662346,"29":0.8253846765,"30":0.8276076913,"31":0.8288305402,"32":0.8313626647,"33":0.8332583308,"34":0.8348267078,"35":0.8364132047,"36":0.8384134769,"37":0.8392317295,"38":0.8409819007,"39":0.8427776098,"40":0.8441823125,"41":0.84514606,"42":0.8474917412,"43":0.8494965434,"44":0.8519195318,"45":0.8536561131,"46":0.8557927012,"47":0.8579656482,"48":0.8601295352,"49":0.8624070883,"50":0.8641845584,"51":0.866684854,"52":0.8675985932,"53":0.8693033457,"54":0.8706262112,"55":0.8711080551,"56":0.8723036647,"57":0.8730446696,"58":0.8738902211,"59":0.8745993972,"60":0.8754494786,"61":0.8768132925,"62":0.8770178556,"63":0.8771997094,"64":0.8779861331,"65":0.8785816431,"66":0.8794135451,"67":0.8796772361,"68":0.8802682161,"69":0.8805955052,"70":0.8812319636,"71":0.8813138008,"72":0.8816002011,"73":0.8819956779,"74":0.8823911548,"75":0.8827321529,"76":0.8829957843,"77":0.8830321431,"78":0.8836231232,"79":0.8838549852,"80":0.8838731647,"81":0.8835140467,"82":0.8843277693,"83":0.8845050335,"84":0.8842550516,"85":0.8849278092,"86":0.8847005367,"87":0.8854460716,"88":0.8850505948,"89":0.8855824471,"90":0.8853096962,"91":0.8859779239,"92":0.8861461282},"lr":{"0":0.0009999952,"1":0.0009999952,"2":0.0009999952,"3":0.0009999952,"4":0.0009999952,"5":0.0009999952,"6":0.0009999952,"7":0.0009999952,"8":0.0009999952,"9":0.0009999952,"10":0.0009999952,"11":0.0009999952,"12":0.0009999952,"13":0.0009999952,"14":0.0009999952,"15":0.0009999952,"16":0.0009999952,"17":0.0009999952,"18":0.0009999952,"19":0.0009999952,"20":0.0009999952,"21":0.0009999952,"22":0.0009999952,"23":0.0009999952,"24":0.0009999952,"25":0.0009999952,"26":0.0009999952,"27":0.0009999952,"28":0.0009999952,"29":0.0009999952,"30":0.0009999952,"31":0.0009999952,"32":0.0009999952,"33":0.0009999952,"34":0.0009999952,"35":0.0009999952,"36":0.0009999952,"37":0.0009999952,"38":0.0009999952,"39":0.0009999952,"40":0.0009999952,"41":0.0009999952,"42":0.0009999952,"43":0.0009999952,"44":0.0009999952,"45":0.0009999952,"46":0.0009999952,"47":0.0009999952,"48":0.0009999952,"49":0.0009999952,"50":0.0009999952,"51":0.0009999952,"52":0.0009999952,"53":0.0009999952,"54":0.0009999952,"55":0.0009999952,"56":0.0009999952,"57":0.0009999952,"58":0.0009999952,"59":0.0009999952,"60":0.0009999952,"61":0.0009999952,"62":0.0009999952,"63":0.0009999952,"64":0.0009999952,"65":0.0009999952,"66":0.0009999952,"67":0.0009999952,"68":0.0009999952,"69":0.0009999952,"70":0.0009999952,"71":0.0009999952,"72":0.0009999952,"73":0.0009999952,"74":0.0009999952,"75":0.0009999952,"76":0.0009999952,"77":0.0009999952,"78":0.0009999952,"79":0.0009999952,"80":0.0009999952,"81":0.0009999952,"82":0.0009999952,"83":0.0009999952,"84":0.0009999952,"85":0.0009999952,"86":0.0009999952,"87":0.0009999952,"88":0.0009999952,"89":0.0009999952,"90":0.0009999952,"91":0.0009999952,"92":0.0009999952},"val_loss":{"0":0.5913974047,"1":0.55604285,"2":0.5399796367,"3":0.5308020115,"4":0.5262516141,"5":0.5172687769,"6":0.5115594268,"7":0.5078600645,"8":0.5014101863,"9":0.4980809987,"10":0.4922658801,"11":0.4909849167,"12":0.4787655771,"13":0.4720591605,"14":0.4650325775,"15":0.4572818279,"16":0.4500588775,"17":0.4443029761,"18":0.43752563,"19":0.4348865449,"20":0.4324482381,"21":0.4250198901,"22":0.4211496115,"23":0.4211715162,"24":0.4167833626,"25":0.4148337841,"26":0.4092284441,"27":0.4087823927,"28":0.41114223,"29":0.4029020369,"30":0.4028650522,"31":0.3983433843,"32":0.3954166174,"33":0.3929105997,"34":0.3919908106,"35":0.3881076872,"36":0.3872822821,"37":0.3903802931,"38":0.3808535039,"39":0.3823728561,"40":0.3766221106,"41":0.3783899844,"42":0.3713583648,"43":0.3677166104,"44":0.3653446138,"45":0.3646547198,"46":0.3604423404,"47":0.3563243151,"48":0.3551125526,"49":0.3581323028,"50":0.3490391672,"51":0.3489491343,"52":0.3423657417,"53":0.3395241499,"54":0.343393743,"55":0.3365719914,"56":0.3353165388,"57":0.3336443901,"58":0.3327276409,"59":0.332428664,"60":0.3292281628,"61":0.3289861381,"62":0.3318422437,"63":0.3290069401,"64":0.3280723393,"65":0.324141413,"66":0.3227264881,"67":0.3226661682,"68":0.3202157617,"69":0.3249715269,"70":0.3183411658,"71":0.3286654055,"72":0.31731987,"73":0.3293101788,"74":0.3170789778,"75":0.3188666701,"76":0.3164335489,"77":0.3183713555,"78":0.3147093356,"79":0.3237536848,"80":0.3131735921,"81":0.3131807446,"82":0.3133861423,"83":0.3159387112,"84":0.3119996786,"85":0.3120797575,"86":0.3140104413,"87":0.3143985868,"88":0.3120194674,"89":0.3087191284,"90":0.315689683,"91":0.3065095544,"92":0.3121904433},"val_accuracy":{"0":0.6618456841,"1":0.6822116375,"2":0.6997613311,"3":0.7024502754,"4":0.7128719091,"5":0.7208750844,"6":0.7385361791,"7":0.7498965859,"8":0.7515195012,"9":0.7518695593,"10":0.7576611042,"11":0.7580270767,"12":0.772267282,"13":0.779506743,"14":0.7864279747,"15":0.7852187753,"16":0.7919809222,"17":0.7994272113,"18":0.8004773259,"19":0.8070008159,"20":0.8072553873,"21":0.8096738458,"22":0.8137152195,"23":0.8125218749,"24":0.8156403899,"25":0.8234844804,"26":0.8212569356,"27":0.8242163658,"28":0.8202863932,"29":0.8283054829,"30":0.8268576264,"31":0.8295306563,"32":0.8345744014,"33":0.8340652585,"34":0.8373269439,"35":0.8388226032,"36":0.837438345,"37":0.834653914,"38":0.8421797752,"39":0.8420366049,"40":0.8459506631,"41":0.845505178,"42":0.8487510085,"43":0.8516786098,"44":0.8520127535,"45":0.8506125808,"46":0.8556563258,"47":0.8595544696,"48":0.8614796996,"49":0.8578679562,"50":0.863802731,"51":0.8656802177,"52":0.8690055609,"53":0.8694828749,"54":0.8651710153,"55":0.8720127344,"56":0.870660305,"57":0.872585535,"58":0.8770723939,"59":0.87185359,"60":0.8767223358,"61":0.8774542809,"62":0.8766269088,"63":0.8742402792,"64":0.8761495352,"65":0.8815274239,"66":0.8781861663,"67":0.879681766,"68":0.8796022534,"69":0.8748607635,"70":0.8822911978,"71":0.8731742501,"72":0.8814160824,"73":0.8733810782,