{"loss":{"0":0.6457400918,"1":0.5910823941,"2":0.5792697072,"3":0.563831985,"4":0.5475140214,"5":0.5389662385,"6":0.533251524,"7":0.5285195708,"8":0.5240957737,"9":0.5201088786,"10":0.5161213875,"11":0.5122844577,"12":0.5081207156,"13":0.5030396581,"14":0.498411864,"15":0.4934695363,"16":0.4882017374,"17":0.4829851687,"18":0.4780807793,"19":0.4729603529,"20":0.4688032269,"21":0.4639797807,"22":0.459387213,"23":0.4547000229,"24":0.4501522779,"25":0.4465717077,"26":0.443069905,"27":0.4392209351,"28":0.4360235631,"29":0.4333454072,"30":0.4307354391,"31":0.4278733432,"32":0.4252875745,"33":0.4232322574,"34":0.4208510816,"35":0.4191331863,"36":0.4175262749,"37":0.4154477715,"38":0.4131155312,"39":0.4116969705,"40":0.4098729193,"41":0.4085111022,"42":0.4064073563,"43":0.4043902755,"44":0.4028397501,"45":0.4009967744,"46":0.3992407918,"47":0.3972656131,"48":0.3953754604,"49":0.3939190209,"50":0.3914011121,"51":0.390204221,"52":0.3884806633,"53":0.3862838149,"54":0.3852995038,"55":0.3840978742,"56":0.3821257651,"57":0.3811180294,"58":0.3800937831,"59":0.3788055182,"60":0.3774280548,"61":0.3770832121,"62":0.3750813007,"63":0.3746514022,"64":0.3741358519,"65":0.3727222979,"66":0.3717192709,"67":0.3706729114,"68":0.3705128729,"69":0.3694398403,"70":0.3688417077,"71":0.3680273294,"72":0.3671533763,"73":0.3666323721,"74":0.3654896021,"75":0.3657729626},"accuracy":{"0":0.6174519658,"1":0.666062057,"2":0.6696033478,"3":0.6785498261,"4":0.6889510155,"5":0.6934606433,"6":0.6986111999,"7":0.7048709989,"8":0.7120581865,"9":0.7193317413,"10":0.7273371816,"11":0.7353744507,"12":0.7414342761,"13":0.7483441234,"14":0.7542311549,"15":0.7605137229,"16":0.7661597729,"17":0.7713330984,"18":0.7759927511,"19":0.7815251946,"20":0.7844664454,"21":0.7895261049,"22":0.7927036881,"23":0.7974815369,"24":0.8002727628,"25":0.8027867079,"26":0.8045959473,"27":0.8074917793,"28":0.8101920485,"29":0.8120650053,"30":0.813442409,"31":0.8155699372,"32":0.8173065186,"33":0.8185521364,"34":0.8201841116,"35":0.8206523657,"36":0.8219707012,"37":0.8229935169,"38":0.8249028325,"39":0.8254528642,"40":0.8257710934,"41":0.8270712495,"42":0.8284350634,"43":0.8295306563,"44":0.8297988176,"45":0.8308535218,"46":0.8317172527,"47":0.833317399,"48":0.8345130086,"49":0.8352313042,"50":0.8365041614,"51":0.8369678259,"52":0.8387998343,"53":0.8408501148,"54":0.8406046033,"55":0.8417001963,"56":0.8423320651,"57":0.8425730467,"58":0.8434094787,"59":0.8445687294,"60":0.8452142477,"61":0.8458552361,"62":0.8463779688,"63":0.8461870551,"64":0.8467053175,"65":0.8474144936,"66":0.8484918475,"67":0.8491828442,"68":0.8490646482,"69":0.8496829271,"70":0.8499738574,"71":0.8506875634,"72":0.8507330418,"73":0.8510830998,"74":0.8517331481,"75":0.8518468142},"lr":{"0":0.0009999952,"1":0.0009999952,"2":0.0009999952,"3":0.0009999952,"4":0.0009999952,"5":0.0009999952,"6":0.0009999952,"7":0.0009999952,"8":0.0009999952,"9":0.0009999952,"10":0.0009999952,"11":0.0009999952,"12":0.0009999952,"13":0.0009999952,"14":0.0009999952,"15":0.0009999952,"16":0.0009999952,"17":0.0009999952,"18":0.0009999952,"19":0.0009999952,"20":0.0009999952,"21":0.0009999952,"22":0.0009999952,"23":0.0009999952,"24":0.0009999952,"25":0.0009999952,"26":0.0009999952,"27":0.0009999952,"28":0.0009999952,"29":0.0009999952,"30":0.0009999952,"31":0.0009999952,"32":0.0009999952,"33":0.0009999952,"34":0.0009999952,"35":0.0009999952,"36":0.0009999952,"37":0.0009999952,"38":0.0009999952,"39":0.0009999952,"40":0.0009999952,"41":0.0009999952,"42":0.0009999952,"43":0.0009999952,"44":0.0009999952,"45":0.0009999952,"46":0.0009999952,"47":0.0009999952,"48":0.0009999952,"49":0.0009999952,"50":0.0009999952,"51":0.0009999952,"52":0.0009999952,"53":0.0009999952,"54":0.0009999952,"55":0.0009999952,"56":0.0009999952,"57":0.0009999952,"58":0.0009999952,"59":0.0009999952,"60":0.0009999952,"61":0.0009999952,"62":0.0009999952,"63":0.0009999952,"64":0.0009999952,"65":0.0009999952,"66":0.0009999952,"67":0.0009999952,"68":0.0009999952,"69":0.0009999952,"70":0.0009999952,"71":0.0009999952,"72":0.0009999952,"73":0.0009999952,"74":0.0009999952,"75":0.0009999952},"val_loss":{"0":0.5978050828,"1":0.5850656033,"2":0.5733785033,"3":0.5545184016,"4":0.5421468616,"5":0.5353285074,"6":0.5300732851,"7":0.5259281993,"8":0.5219773054,"9":0.5188232064,"10":0.5123919249,"11":0.5114709139,"12":0.5043121576,"13":0.5033709407,"14":0.495598048,"15":0.4884642065,"16":0.4831089675,"17":0.4841893911,"18":0.4743897021,"19":0.4685417712,"20":0.4636640847,"21":0.4841518998,"22":0.4552285075,"23":0.4501803815,"24":0.448032558,"25":0.4447976351,"26":0.4387617707,"27":0.4362609684,"28":0.4357061684,"29":0.4302382767,"30":0.4316339493,"31":0.4248555005,"32":0.4231660366,"33":0.4211246073,"34":0.4208369553,"35":0.431075573,"36":0.4155155122,"37":0.4192070961,"38":0.4121813774,"39":0.4104351997,"40":0.4081811011,"41":0.4057131112,"42":0.4085647464,"43":0.4032863081,"44":0.4068464637,"45":0.3985190988,"46":0.3969700933,"47":0.3987303674,"48":0.3935362399,"49":0.3914562166,"50":0.3949430883,"51":0.3936009407,"52":0.3873641193,"53":0.3849416077,"54":0.3873991072,"55":0.3846644461,"56":0.38252455,"57":0.3787882626,"58":0.3779747784,"59":0.3797495961,"60":0.379499197,"61":0.3767246008,"62":0.3743665516,"63":0.3748476207,"64":0.3768539727,"65":0.3712730706,"66":0.3714684546,"67":0.3694666326,"68":0.3728781939,"69":0.3731704056,"70":0.3661807179,"71":0.3698880672,"72":0.3672518134,"73":0.3650461435,"74":0.3646852672,"75":0.3644934297},"val_accuracy":{"0":0.6690692306,"1":0.6647255421,"2":0.6728878021,"3":0.6803977489,"4":0.6935242414,"5":0.6980588436,"6":0.7022434473,"7":0.7081145644,"8":0.7124900818,"9":0.7211614847,"10":0.7365632653,"11":0.72663486,"12":0.7480190992,"13":0.7520286441,"14":0.7624980211,"15":0.7671121955,"16":0.7745266557,"17":0.768671453,"18":0.7817661166,"19":0.7848528028,"20":0.7892442346,"21":0.7549562454,"22":0.8013524413,"23":0.7989976406,"24":0.7988862395,"25":0.8001272678,"26":0.810469389,"27":0.812012732,"28":0.8086714149,"29":0.8146221042,"30":0.8139220476,"31":0.817915678,"32":0.8196181655,"33":0.8208910227,"34":0.818392992,"35":0.8079554439,"36":0.8235481381,"37":0.8189339638,"38":0.8273826838,"39":0.8268734813,"40":0.8277326822,"41":0.830676198,"42":0.8246300817,"43":0.8305966854,"44":0.8262689114,"45":0.8335561156,"46":0.8364518881,"47":0.8352585435,"48":0.8365473151,"49":0.8385839462,"50":0.832012713,"51":0.8386157751,"52":0.8400477171,"53":0.8418138623,"54":0.8382975459,"55":0.8389021754,"56":0.8397294879,"57":0.8460779786,"58":0.847191751,"59":0.8448368907,"60":0.8459506631,"61":0.8439618349,"62":0.8466189504,"63":0.8486714363,"64":0.8450437784,"65":0.8485918641,"66":0.8495147228,"67":0.8497533798,"68":0.8448528051,"69":0.8467621207,"70":0.8512012959,"71":0.851758182,"72":0.8530469537,"73":0.8512330651,"74":0.8522832394,"75":0.8535560966},"val_lr":{"0":0.0010000006,"1":0.0010000006,"2":0.0010000006,"3":0.0010000006,"4":0.0010000006,"5":0.0010000006,"6":0.0010000006,"7":0.0010000006,"8":0.0010000006,"9":0.0010000006,"10":0.0010000006,"11":0.0010000006,"12":0.0010000006,"13":0.0010000006,"14":0.0010000006,"15":0.0010000006,"16":0.0010000006,"17":0.0010000006,"18":0.0010000006,"19":0.0010000006,"20":0.0010000006,"21":0.0010000006,"22":0.0010000006,"23":0.0010000006,"24":0.0010000006,"25":0.0010000006,"26":0.0010000006,"27":0.0010000006,"28":0.0010000006,"29":0.0010000006,"30":0.0010000006,"31":0.0010000006,"32":0.0010000006,"33":0.0010000006,"34":0.0010000006,"35":0.0010000006,"36":0.0010000006,"37":0.0010000006,"38":0.0010000006,"39":0.0010000006,"40":0.0010000006,"41":0.0010000006,"42":0.0010000006,"43":0.0010000006,"44":0.0010000006,"45":0.0010000006,"46":0.0010000006,"47":0.0010000006,"48":0.0010000006,"49":0.0010000006,"50":0.0010000006,"51":0.0010000006,"52":0.0010000006,"53":0.0010000006,"54":0.0010000006,"55":0.0010000006,"56":0.0010000006,"57":0.0010000006,"58":0.0010000006,"59":0.0010000006,"60":0.0010000006,"61":0.0010000006,"62":0.0010000006,"63":0.0010000006,"64":0.0010000006,