{"loss":{"0":0.6221093535,"1":0.5615434051,"2":0.5433169603,"3":0.5355901718,"4":0.5308533907,"5":0.5276980996,"6":0.5254456997,"7":0.5233336687,"8":0.5217741132,"9":0.5197263956,"10":0.517837584,"11":0.5156430602,"12":0.5132200122,"13":0.5099252462,"14":0.5056757331,"15":0.5004172921,"16":0.4954275787,"17":0.490650475,"18":0.4864479005,"19":0.4823807776,"20":0.4786736071,"21":0.4749600887,"22":0.4723058939,"23":0.4693659544,"24":0.4678300321,"25":0.4657714367,"26":0.4642118514,"27":0.4623261094,"28":0.4610917568,"29":0.4599379301,"30":0.4583424926,"31":0.4573450685,"32":0.4564058185,"33":0.4546912014,"34":0.4535183907,"35":0.4525325596,"36":0.4509142637,"37":0.4497441351,"38":0.4477005601,"39":0.4457969368,"40":0.4435940981,"41":0.4414712191,"42":0.4395573139,"43":0.4369714856,"44":0.4354997277,"45":0.4341207743,"46":0.4323987365,"47":0.4306342602,"48":0.4297342598,"49":0.4287564158,"50":0.4273316562,"51":0.4263370335,"52":0.4258685708,"53":0.424093008,"54":0.4238965511,"55":0.4227839112,"56":0.4216479361,"57":0.4210261703,"58":0.4197390378,"59":0.4184891284,"60":0.4181160033,"61":0.4168578684,"62":0.415884465,"63":0.4150172472,"64":0.4135745168,"65":0.4125564694,"66":0.4114391506,"67":0.4104779661,"68":0.4086876214,"69":0.4080713987,"70":0.4066769183,"71":0.4051431417,"72":0.4034012854,"73":0.4023980498,"74":0.400810957,"75":0.3987971544,"76":0.3966091275,"77":0.3943000138,"78":0.3915378749,"79":0.389506042,"80":0.3861856759,"81":0.3828712702,"82":0.3804289103,"83":0.3766342402,"84":0.372948736,"85":0.3684174716,"86":0.3641018867,"87":0.3594719172,"88":0.353184551,"89":0.3473348916,"90":0.3423848152,"91":0.3368726671,"92":0.3333082199,"93":0.3293976188,"94":0.3253761828,"95":0.3215833008,"96":0.3183234036,"97":0.3137705922,"98":0.309935838,"99":0.3076648414},"accuracy":{"0":0.6390044093,"1":0.6750630736,"2":0.6880691051,"3":0.6949471235,"4":0.7001659274,"5":0.7037118077,"6":0.7055847049,"7":0.7086714506,"8":0.7098942995,"9":0.711121738,"10":0.7128628492,"11":0.7150903344,"12":0.7173269987,"13":0.7208637595,"14":0.7275417447,"15":0.7364428043,"16":0.7471258044,"17":0.7559995651,"18":0.7606409788,"19":0.7650824189,"20":0.7674735785,"21":0.7696101665,"22":0.7712422013,"23":0.7730515003,"24":0.7736606598,"25":0.7751062512,"26":0.7751107812,"27":0.776856482,"28":0.777579248,"29":0.7784612179,"30":0.778788507,"31":0.7794613242,"32":0.7801932096,"33":0.7809387445,"34":0.7823434472,"35":0.7825616598,"36":0.7831844687,"37":0.7835708857,"38":0.7847210169,"39":0.7861620784,"40":0.7873167396,"41":0.7890896797,"42":0.7905125618,"43":0.791689992,"44":0.7934674621,"45":0.7936174273,"46":0.7950903773,"47":0.7959495187,"48":0.7964814305,"49":0.7972633243,"50":0.7986725569,"51":0.7992771864,"52":0.7997954488,"53":0.8006000519,"54":0.8013774157,"55":0.8022639155,"56":0.8027775884,"57":0.8036549687,"58":0.804327786,"59":0.8055596948,"60":0.8054733276,"61":0.8067507744,"62":0.807682693,"63":0.8082963824,"64":0.8092101216,"65":0.8104330301,"66":0.8110239506,"67":0.8111557961,"68":0.8125604987,"69":0.8136106133,"70":0.8144243956,"71":0.8150244355,"72":0.816701889,"73":0.8171428442,"74":0.8188884854,"75":0.819724977,"76":0.8206341863,"77":0.8222025037,"78":0.8241845369,"79":0.8257983923,"80":0.8283486962,"81":0.8314308524,"82":0.8333901763,"83":0.8368269205,"84":0.8390453458,"85":0.8433958292,"86":0.8460143209,"87":0.8493783474,"88":0.8539379239,"89":0.8570337296,"90":0.8598613739,"91":0.863925457,"92":0.8664939404,"93":0.8697851896,"94":0.8721899986,"95":0.8749721646,"96":0.8772405982,"97":0.8798454404,"98":0.8825684786,"99":0.8839049935},"lr":{"0":0.0009999952,"1":0.0009999952,"2":0.0009999952,"3":0.0009999952,"4":0.0009999952,"5":0.0009999952,"6":0.0009999952,"7":0.0009999952,"8":0.0009999952,"9":0.0009999952,"10":0.0009999952,"11":0.0009999952,"12":0.0009999952,"13":0.0009999952,"14":0.0009999952,"15":0.0009999952,"16":0.0009999952,"17":0.0009999952,"18":0.0009999952,"19":0.0009999952,"20":0.0009999952,"21":0.0009999952,"22":0.0009999952,"23":0.0009999952,"24":0.0009999952,"25":0.0009999952,"26":0.0009999952,"27":0.0009999952,"28":0.0009999952,"29":0.0009999952,"30":0.0009999952,"31":0.0009999952,"32":0.0009999952,"33":0.0009999952,"34":0.0009999952,"35":0.0009999952,"36":0.0009999952,"37":0.0009999952,"38":0.0009999952,"39":0.0009999952,"40":0.0009999952,"41":0.0009999952,"42":0.0009999952,"43":0.0009999952,"44":0.0009999952,"45":0.0009999952,"46":0.0009999952,"47":0.0009999952,"48":0.0009999952,"49":0.0009999952,"50":0.0009999952,"51":0.0009999952,"52":0.0009999952,"53":0.0009999952,"54":0.0009999952,"55":0.0009999952,"56":0.0009999952,"57":0.0009999952,"58":0.0009999952,"59":0.0009999952,"60":0.0009999952,"61":0.0009999952,"62":0.0009999952,"63":0.0009999952,"64":0.0009999952,"65":0.0009999952,"66":0.0009999952,"67":0.0009999952,"68":0.0009999952,"69":0.0009999952,"70":0.0009999952,"71":0.0009999952,"72":0.0009999952,"73":0.0009999952,"74":0.0009999952,"75":0.0009999952,"76":0.0009999952,"77":0.0009999952,"78":0.0009999952,"79":0.0009999952,"80":0.0009999952,"81":0.0009999952,"82":0.0009999952,"83":0.0009999952,"84":0.0009999952,"85":0.0009999952,"86":0.0009999952,"87":0.0009999952,"88":0.0009999952,"89":0.0009999952,"90":0.0009999952,"91":0.0009999952,"92":0.0009999952,"93":0.0009999952,"94":0.0009999952,"95":0.0009999952,"96":0.0009999952,"97":0.0009999952,"98":0.0009999952,"99":0.0009999952},"val_loss":{"0":0.575693965,"1":0.5498574376,"2":0.5380300283,"3":0.5329380035,"4":0.5290942788,"5":0.5259705186,"6":0.5239875317,"7":0.5221422911,"8":0.5205668211,"9":0.5197606683,"10":0.5177208781,"11":0.5137071013,"12":0.5110001564,"13":0.5073236823,"14":0.503154695,"15":0.497604996,"16":0.4936712086,"17":0.4908461273,"18":0.4861674309,"19":0.4806320965,"20":0.4797968268,"21":0.4737351537,"22":0.4694849253,"23":0.4671211243,"24":0.4667818248,"25":0.4632510543,"26":0.4613864124,"27":0.460613519,"28":0.4582564235,"29":0.4598883688,"30":0.4580665827,"31":0.4595008194,"32":0.4538604617,"33":0.4522776902,"34":0.4515170455,"35":0.4550693333,"36":0.4553258419,"37":0.4512951672,"38":0.4449567795,"39":0.4423210025,"40":0.4405764043,"41":0.4386590123,"42":0.4376299381,"43":0.4376676977,"44":0.4349704385,"45":0.4319562912,"46":0.4314208031,"47":0.4293652177,"48":0.4344613254,"49":0.426526159,"50":0.4253923595,"51":0.4256269038,"52":0.4245577157,"53":0.4251279533,"54":0.4257928431,"55":0.4219107032,"56":0.4196710587,"57":0.4228140116,"58":0.4190916419,"59":0.4209324121,"60":0.4190435708,"61":0.4229300618,"62":0.4140399098,"63":0.4156133533,"64":0.4150498211,"65":0.4115873575,"66":0.4170573056,"67":0.4112493098,"68":0.4066126049,"69":0.406630069,"70":0.4050063789,"71":0.4020372331,"72":0.4107666016,"73":0.4042792618,"74":0.4074819982,"75":0.40167889,"76":0.3935771286,"77":0.3908576071,"78":0.389021486,"79":0.3860183656,"80":0.385866046,"81":0.3802606165,"82":0.381727457,"83":0.3818013668,"84":0.3734949827,"85":0.3655790985,"86":0.3606416583,"87":0.3595039248,"88":0.3666024208,"89":0.3410311937,"90":0.3426136971,"91":0.334104538,"92":0.3318066597,"93":0.3267722428,"94":0.32211411,"95":0.3215666413,"96":0.3172968626,"97":0.3229446113,"98":0.31133762,"99":0.3205728531},"val_accuracy":{"0":0.6687828302,"1":0.6809705496,"2":0.6923309565,"3":0.6973269582,"4":0.6985521317,"5":0.7051392198,"6":0.7056801915,"7":0.7116627097,"8":0.7101829648,"9":0.7137151957,"10":0.7114717364,"11":0.716642797,"12":0.718806684,"13":0.7259506583,"14":0.7392203808,"15":0.7424662113,"16":0.7515672445,"17":0.7524423003,"18":0.7615115643,"19":0.7646141648,"20":0.7681463957,"21":0.7734606266,"22":0.7732537985,"23":0.7759427428,"24":0.772171855,"25":0.7783293724,"26":0.7777088284,"27":0.7815115452,"28":0.7817342877,"29":0.7802704573,"30":0.7766746283,"31":0.7789657712,"32":0.7842004895,"33":0.7844232321,"34":0.7859029174,"35":0.7822911739,"36":0.7778679132,"37":0.7857279181,"38":0.7887032628,"39":0.7889737487,"40":0.7904693484,"41":0.7912331223,"42":0.7932219505,"43":0.7922514081,"44":0.7948448658,"45":0.7942720652,