{"loss":{"0":0.6223399639,"1":0.5728385448,"2":0.5508049726,"3":0.5398557186,"4":0.5345695019,"5":0.5316678882,"6":0.5298712254,"7":0.5283809304,"8":0.5268983841,"9":0.5257601142,"10":0.524729073,"11":0.5235131979,"12":0.522572577,"13":0.5214089751,"14":0.5200523138,"15":0.5187786818,"16":0.5173962116,"17":0.5161012411,"18":0.5147016644,"19":0.5131149888,"20":0.5112552643,"21":0.5090700984,"22":0.506659627,"23":0.5040536523,"24":0.5011768937,"25":0.4978292286,"26":0.49421525,"27":0.4902918935,"28":0.4863614738,"29":0.4821376503,"30":0.4776933193,"31":0.4737818539,"32":0.4700541198,"33":0.4667461514,"34":0.4637419283,"35":0.4606701434,"36":0.457942605,"37":0.4554417133,"38":0.4527004361,"39":0.4497385323,"40":0.4467829764,"41":0.4441804588,"42":0.4409832656,"43":0.4375592172,"44":0.4341168404,"45":0.4304567873,"46":0.4263927937,"47":0.4228900969,"48":0.4183319509,"49":0.4148748815,"50":0.4105781615,"51":0.4068052471,"52":0.4030538201,"53":0.398891151,"54":0.3939692974,"55":0.3887338042,"56":0.3839851022,"57":0.3785783648,"58":0.3729172349,"59":0.367800355,"60":0.3634074926,"61":0.3583245873,"62":0.3544606566,"63":0.3508981168,"64":0.346395582,"65":0.3428171873,"66":0.3390321136,"67":0.3356386423,"68":0.3323842287,"69":0.328484118,"70":0.325165242,"71":0.3215824366,"72":0.3185972571,"73":0.3159591854,"74":0.3115213513,"75":0.3090257645,"76":0.3051301241,"77":0.3021259606,"78":0.2986123562,"79":0.2949961424,"80":0.2918727398,"81":0.2879348099,"82":0.2845850289,"83":0.2809225321,"84":0.2775952816,"85":0.2744479775,"86":0.2721126378,"87":0.268658042,"88":0.2659714222,"89":0.264125526,"90":0.2612792552,"91":0.2593432665,"92":0.2573510408,"93":0.2552382052,"94":0.2531946599,"95":0.2515741885,"96":0.2506097555,"97":0.2480740994,"98":0.2467217892,"99":0.2451561838},"accuracy":{"0":0.6414865255,"1":0.6704898477,"2":0.6846414208,"3":0.6919013262,"4":0.6972610354,"5":0.7009887695,"6":0.7034981251,"7":0.7061575055,"8":0.7078395486,"9":0.7098079324,"10":0.7107989788,"11":0.7128310204,"12":0.7143993378,"13":0.7155949473,"14":0.7168359756,"15":0.718572557,"16":0.7205727696,"17":0.721709311,"18":0.7241095304,"19":0.7260052562,"20":0.7281963825,"21":0.7300056815,"22":0.7329196334,"23":0.7347971201,"24":0.7373701334,"25":0.7400431633,"26":0.7438436151,"27":0.7475122213,"28":0.7535538077,"29":0.7592408061,"30":0.7647641897,"31":0.7683736682,"32":0.7717058659,"33":0.7746289372,"34":0.7766019106,"35":0.7788703442,"36":0.7805023193,"37":0.7836163044,"38":0.7861029506,"39":0.7888305783,"40":0.791808188,"41":0.7941538692,"42":0.7977769971,"43":0.8005136847,"44":0.8045368791,"45":0.8084737062,"46":0.8123332262,"47":0.8154699206,"48":0.8191794753,"49":0.8221524954,"50":0.8259756565,"51":0.8281304836,"52":0.8314035535,"53":0.8344039321,"54":0.8379225135,"55":0.8416001797,"56":0.8439686298,"57":0.8477599621,"58":0.8510966897,"59":0.8537651896,"60":0.857047379,"61":0.8598113656,"62":0.8624207377,"63":0.8644436598,"64":0.867066741,"65":0.8687942028,"66":0.8708671331,"67":0.8733947277,"68":0.8751085401,"69":0.8771814704,"70":0.879113555,"71":0.880654633,"72":0.8818274736,"73":0.8832139969,"74":0.8855779171,"75":0.886559844,"76":0.8875872493,"77":0.8892874122,"78":0.8908284903,"79":0.8922741413,"80":0.8936242461,"81":0.8954335451,"82":0.8970064521,"83":0.8985293508,"84":0.8998886347,"85":0.901243329,"86":0.9021207094,"87":0.9037436247,"88":0.9051528573,"89":0.9062439203,"90":0.9068666697,"91":0.9079532027,"92":0.9086623192,"93":0.9097033739,"94":0.9102807045,"95":0.911248982,"96":0.9114171863,"97":0.9129810333,"98":0.9135447145,"99":0.9140538573},"lr":{"0":0.0009999952,"1":0.0009999952,"2":0.0009999952,"3":0.0009999952,"4":0.0009999952,"5":0.0009999952,"6":0.0009999952,"7":0.0009999952,"8":0.0009999952,"9":0.0009999952,"10":0.0009999952,"11":0.0009999952,"12":0.0009999952,"13":0.0009999952,"14":0.0009999952,"15":0.0009999952,"16":0.0009999952,"17":0.0009999952,"18":0.0009999952,"19":0.0009999952,"20":0.0009999952,"21":0.0009999952,"22":0.0009999952,"23":0.0009999952,"24":0.0009999952,"25":0.0009999952,"26":0.0009999952,"27":0.0009999952,"28":0.0009999952,"29":0.0009999952,"30":0.0009999952,"31":0.0009999952,"32":0.0009999952,"33":0.0009999952,"34":0.0009999952,"35":0.0009999952,"36":0.0009999952,"37":0.0009999952,"38":0.0009999952,"39":0.0009999952,"40":0.0009999952,"41":0.0009999952,"42":0.0009999952,"43":0.0009999952,"44":0.0009999952,"45":0.0009999952,"46":0.0009999952,"47":0.0009999952,"48":0.0009999952,"49":0.0009999952,"50":0.0009999952,"51":0.0009999952,"52":0.0009999952,"53":0.0009999952,"54":0.0009999952,"55":0.0009999952,"56":0.0009999952,"57":0.0009999952,"58":0.0009999952,"59":0.0009999952,"60":0.0009999952,"61":0.0009999952,"62":0.0009999952,"63":0.0009999952,"64":0.0009999952,"65":0.0009999952,"66":0.0009999952,"67":0.0009999952,"68":0.0009999952,"69":0.0009999952,"70":0.0009999952,"71":0.0009999952,"72":0.0009999952,"73":0.0009999952,"74":0.0009999952,"75":0.0009999952,"76":0.0009999952,"77":0.0009999952,"78":0.0009999952,"79":0.0009999952,"80":0.0009999952,"81":0.0009999952,"82":0.0009999952,"83":0.0009999952,"84":0.0009999952,"85":0.0009999952,"86":0.0009999952,"87":0.0009999952,"88":0.0009999952,"89":0.0009999952,"90":0.0009999952,"91":0.0009999952,"92":0.0009999952,"93":0.0009999952,"94":0.0009999952,"95":0.0009999952,"96":0.0009999952,"97":0.0009999952,"98":0.0009999952,"99":0.0009999952},"val_loss":{"0":0.5858826637,"1":0.5607360005,"2":0.5442616343,"3":0.5371569991,"4":0.5365704298,"5":0.5298495889,"6":0.5299026966,"7":0.5273896456,"8":0.5254064202,"9":0.5256116986,"10":0.5232883096,"11":0.5236001611,"12":0.5206898451,"13":0.5196252465,"14":0.5196421146,"15":0.5164721608,"16":0.5155854821,"17":0.5147188306,"18":0.5117480755,"19":0.5107229948,"20":0.509018898,"21":0.5081878304,"22":0.5065742135,"23":0.5027108788,"24":0.4976888299,"25":0.4940814078,"26":0.4917764962,"27":0.4862982333,"28":0.4818852544,"29":0.4794583917,"30":0.4751004279,"31":0.4715971947,"32":0.4747736156,"33":0.4632090032,"34":0.4597503841,"35":0.4599836767,"36":0.4550309777,"37":0.4547344148,"38":0.4496479928,"39":0.4475625455,"40":0.445124954,"41":0.4432021081,"42":0.4377639294,"43":0.4424615502,"44":0.4317831397,"45":0.4282076955,"46":0.4248725176,"47":0.4240668714,"48":0.4235862195,"49":0.4141635299,"50":0.4124034345,"51":0.4064486623,"52":0.4095134437,"53":0.3995263875,"54":0.3936678767,"55":0.3866419196,"56":0.3826179504,"57":0.3857033551,"58":0.3692341745,"59":0.3652852476,"60":0.3832468987,"61":0.3725142777,"62":0.3492224813,"63":0.36901474,"64":0.3433728516,"65":0.3507526517,"66":0.3390000463,"67":0.3308416605,"68":0.3285965025,"69":0.3260391057,"70":0.3215451837,"71":0.3199945092,"72":0.3143585324,"73":0.3174466491,"74":0.3096545935,"75":0.3139859736,"76":0.302192837,"77":0.3078117967,"78":0.30406183,"79":0.2906312346,"80":0.2860913277,"81":0.2841914892,"82":0.2836491168,"83":0.2796421349,"84":0.2779256999,"85":0.2717753649,"86":0.2683441043,"87":0.2655172646,"88":0.2714830935,"89":0.2626904249,"90":0.2573418021,"91":0.2576477826,"92":0.2612296045,"93":0.2543023527,"94":0.2513069212,"95":0.2513039708,"96":0.2505383492,"97":0.2479649484,"98":0.2511694431,"99":0.2415856272},"val_accuracy":{"0":0.6688623428,"1":0.6746539474,"2":0.6921241283,"3":0.6915513277,"4":0.6936356425,"5":0.7017343044,"6":0.70171839,"7":0.7072553635,"8":0.7073031068,"9":0.7096579075,"10":0.712426424,"11":0.7095942497,"12":0.7149721384,"13":0.7153858542,"14":0.7178997397,"15":0.7201272845,"16":0.7211614847,"17":0.7234845161,"18":0.7263484597,"19":0.7260302305,"20":0.7242004871,"21":0.7253619432,"22":0.7284327745,"23":0.7385520935,"24":0.7402864099,"25":0.7445186973,"26":0.7450119257,"27":0.7529832721,"28":0.7586475611,"29":0.7655528784,"30":0.7619570494,"31":0.7658233643,"32":0.7679713368,"33":0.7763882279,"34":0.7820206881,"35":0.7786952853,"36":0.7855847478,"37":0.7839618325,"38":0.7910739779,"39":0.7921081781,"40":0.7930628657,"41":0.7926968932,"42":0.8014637828,"43":0.7979156971,"44":0.8073508143,