{"loss":{"0":0.6358321905,"1":0.5578683615,"2":0.5410110354,"3":0.5333174467,"4":0.5287540555,"5":0.5257740021,"6":0.5232964754,"7":0.5213772058,"8":0.5191579461,"9":0.5169944763,"10":0.5146750808,"11":0.5120925903,"12":0.5098308325,"13":0.5075567365,"14":0.505315423,"15":0.5031631589,"16":0.5011739731,"17":0.4989540279,"18":0.4965843856,"19":0.4941163063,"20":0.4912029505,"21":0.4884768724,"22":0.4849193096,"23":0.4808766842,"24":0.476205647,"25":0.4710021019,"26":0.465321213,"27":0.4595670104,"28":0.4533793032,"29":0.4473105967,"30":0.4409334958,"31":0.4347024262,"32":0.4284874201,"33":0.4230695367,"34":0.4185287952,"35":0.4149551392,"36":0.4118876159,"37":0.4088797271,"38":0.4064127207,"39":0.4042352438,"40":0.4024790525,"41":0.4001111984,"42":0.3982481062,"43":0.3965215385,"44":0.3944754601,"45":0.3923555017,"46":0.3903997838,"47":0.3883396685,"48":0.3860770166,"49":0.3843221664,"50":0.3823981881,"51":0.3807961941,"52":0.3794558346,"53":0.3778981268,"54":0.3761926889,"55":0.375172466,"56":0.3741077781,"57":0.3722884059,"58":0.3713652492,"59":0.3695082664,"60":0.3683592379,"61":0.3672947884,"62":0.3661553264,"63":0.3648596108,"64":0.363869369,"65":0.3628985584,"66":0.3619127572,"67":0.3609507382,"68":0.360319376,"69":0.3590397835,"70":0.3585253358,"71":0.3578215837,"72":0.356613487,"73":0.3558417261,"74":0.3550076783,"75":0.3539479673,"76":0.3529987037,"77":0.3515725732,"78":0.3503397107,"79":0.3490775228,"80":0.3474434614,"81":0.3455589712,"82":0.3434108496,"83":0.3400752544,"84":0.3358752429,"85":0.3317191899,"86":0.3286952078,"87":0.3263260424,"88":0.3240234554,"89":0.3212443888,"90":0.3193226755,"91":0.3168470263,"92":0.3144755363,"93":0.3117988408,"94":0.3090190887,"95":0.3064045906,"96":0.3035497963,"97":0.3008940518,"98":0.297945708,"99":0.2954744101},"accuracy":{"0":0.6185839176,"1":0.6862779856,"2":0.6963291168,"3":0.7009478211,"4":0.7083986998,"5":0.7140265703,"6":0.7186043859,"7":0.7212910652,"8":0.7258642912,"9":0.7308921218,"10":0.7365791798,"11":0.7426980138,"12":0.7472440004,"13":0.7514808774,"14":0.7548857927,"15":0.7593181133,"16":0.7620911598,"17":0.7657824755,"18":0.7696465254,"19":0.7728969455,"20":0.7771201134,"21":0.7785066366,"22":0.7816115618,"23":0.7827798724,"24":0.7850164771,"25":0.7853347063,"26":0.7887851,"27":0.7908853292,"28":0.7937583923,"29":0.7964268923,"30":0.7994681001,"31":0.8035776615,"32":0.8079509139,"33":0.8115195036,"34":0.8145698309,"35":0.8166564107,"36":0.8181566,"37":0.8205341697,"38":0.8216433525,"39":0.8229253292,"40":0.8238799572,"41":0.8253028989,"42":0.825984776,"43":0.8274985552,"44":0.8278031349,"45":0.8291532993,"46":0.8301033974,"47":0.8311308026,"48":0.8323445916,"49":0.8331856132,"50":0.8333810568,"51":0.834535718,"52":0.8341038823,"53":0.8348675966,"54":0.8353994489,"55":0.8356313109,"56":0.8357358575,"57":0.8365450501,"58":0.8367314339,"59":0.8374679089,"60":0.8371905684,"61":0.8377724886,"62":0.8383998275,"63":0.8390226364,"64":0.839604497,"65":0.8398227096,"66":0.8403727412,"67":0.8406455517,"68":0.8408001065,"69":0.8413274288,"70":0.8416183591,"71":0.8418547511,"72":0.8419956565,"73":0.8428730369,"74":0.8434503675,"75":0.8441368341,"76":0.8455142379,"77":0.8462961912,"78":0.8475553989,"79":0.8491646647,"80":0.8511785269,"81":0.8529741764,"82":0.8553244472,"83":0.8569019437,"84":0.8586748242,"85":0.8607659936,"86":0.8619161248,"87":0.8632435799,"88":0.8652892113,"89":0.8672713041,"90":0.8690760136,"91":0.8705625534,"92":0.8722809553,"93":0.8742902875,"94":0.8761177659,"95":0.8778042793,"96":0.879822731,"97":0.881159246,"98":0.8829503059,"99":0.8840731978},"lr":{"0":0.0009999952,"1":0.0009999952,"2":0.0009999952,"3":0.0009999952,"4":0.0009999952,"5":0.0009999952,"6":0.0009999952,"7":0.0009999952,"8":0.0009999952,"9":0.0009999952,"10":0.0009999952,"11":0.0009999952,"12":0.0009999952,"13":0.0009999952,"14":0.0009999952,"15":0.0009999952,"16":0.0009999952,"17":0.0009999952,"18":0.0009999952,"19":0.0009999952,"20":0.0009999952,"21":0.0009999952,"22":0.0009999952,"23":0.0009999952,"24":0.0009999952,"25":0.0009999952,"26":0.0009999952,"27":0.0009999952,"28":0.0009999952,"29":0.0009999952,"30":0.0009999952,"31":0.0009999952,"32":0.0009999952,"33":0.0009999952,"34":0.0009999952,"35":0.0009999952,"36":0.0009999952,"37":0.0009999952,"38":0.0009999952,"39":0.0009999952,"40":0.0009999952,"41":0.0009999952,"42":0.0009999952,"43":0.0009999952,"44":0.0009999952,"45":0.0009999952,"46":0.0009999952,"47":0.0009999952,"48":0.0009999952,"49":0.0009999952,"50":0.0009999952,"51":0.0009999952,"52":0.0009999952,"53":0.0009999952,"54":0.0009999952,"55":0.0009999952,"56":0.0009999952,"57":0.0009999952,"58":0.0009999952,"59":0.0009999952,"60":0.0009999952,"61":0.0009999952,"62":0.0009999952,"63":0.0009999952,"64":0.0009999952,"65":0.0009999952,"66":0.0009999952,"67":0.0009999952,"68":0.0009999952,"69":0.0009999952,"70":0.0009999952,"71":0.0009999952,"72":0.0009999952,"73":0.0009999952,"74":0.0009999952,"75":0.0009999952,"76":0.0009999952,"77":0.0009999952,"78":0.0009999952,"79":0.0009999952,"80":0.0009999952,"81":0.0009999952,"82":0.0009999952,"83":0.0009999952,"84":0.0009999952,"85":0.0009999952,"86":0.0009999952,"87":0.0009999952,"88":0.0009999952,"89":0.0009999952,"90":0.0009999952,"91":0.0009999952,"92":0.0009999952,"93":0.0009999952,"94":0.0009999952,"95":0.0009999952,"96":0.0009999952,"97":0.0009999952,"98":0.0009999952,"99":0.0009999952},"val_loss":{"0":0.5750862956,"1":0.5463770628,"2":0.5376390219,"3":0.5300239921,"4":0.5279991031,"5":0.5243435502,"6":0.5216066837,"7":0.5191630125,"8":0.5192351341,"9":0.5154801011,"10":0.5124843121,"11":0.5129454136,"12":0.507299006,"13":0.5053319931,"14":0.503718555,"15":0.5007864237,"16":0.5004169941,"17":0.4964692891,"18":0.4944428802,"19":0.4920806289,"20":0.4892914295,"21":0.4864763916,"22":0.4831351042,"23":0.4768607318,"24":0.472587049,"25":0.4663164914,"26":0.4613999724,"27":0.4563599527,"28":0.4507049918,"29":0.4450479746,"30":0.4369885623,"31":0.4308345616,"32":0.427662909,"33":0.423238188,"34":0.4169271886,"35":0.4118541479,"36":0.4092913866,"37":0.4057385921,"38":0.4063185751,"39":0.4028905034,"40":0.4010930359,"41":0.3982791901,"42":0.3954872191,"43":0.3956569135,"44":0.3955434263,"45":0.3907421827,"46":0.3880104423,"47":0.3863939643,"48":0.3833562136,"49":0.3820245862,"50":0.3791753054,"51":0.3791748881,"52":0.3802971542,"53":0.3747082651,"54":0.3751457036,"55":0.371727258,"56":0.3708157837,"57":0.3711074293,"58":0.3681128621,"59":0.366864413,"60":0.3674984574,"61":0.3690745831,"62":0.3629963696,"63":0.3626798093,"64":0.3634817898,"65":0.3608077168,"66":0.362917006,"67":0.3581696749,"68":0.3581306636,"69":0.3564171791,"70":0.3595065475,"71":0.3546665609,"72":0.3550732732,"73":0.3538710773,"74":0.3524791002,"75":0.3528425097,"76":0.3507865369,"77":0.3486563861,"78":0.3480305672,"79":0.3465182483,"80":0.3443128169,"81":0.3488342464,"82":0.344647795,"83":0.3360977471,"84":0.3312344849,"85":0.3297758698,"86":0.325289011,"87":0.3226082623,"88":0.3204377294,"89":0.3189918995,"90":0.3184097409,"91":0.321426034,"92":0.3112045228,"93":0.3111909926,"94":0.305343926,"95":0.3019635677,"96":0.3003808558,"97":0.2957264185,"98":0.2979591191,"99":0.2946943641},"val_accuracy":{"0":0.6732378602,"1":0.6949721575,"2":0.6940970421,"3":0.7051551342,"4":0.7122831941,"5":0.7156404257,"6":0.7188225985,"7":0.726284802,"8":0.7314876914,"9":0.7285918593,"10":0.7369610071,"11":0.7486714125,"12":0.7531583309,"13":0.7585680485,"14":0.7567541599,"15":0.7590453625,"16":0.7653619647,"17":0.7684646249,"18":0.7739379406,"19":0.7757835984,"20":0.7819888592,"21":0.7841050029,"22":0.7863962054,"23":0.7889896631,"24":0.7876213193,"25":0.7924264073,"26":0.7892283201,"27":0.7999363542,"28":0.7976769805,"29":0.8018138409,"30":0.8003818393,"31":0.8055369854,"32":0.7995067835,"33":0.8127446175,"34":0.8175019622,"35":0.8187430501,"36":0.8206205368,"37":0.8214479089,"38":0.8202227354,"39":0.8248687387,"40":0.8233889937,"41":0.8250596523,"42":0.8283691406,"43":0.8257120252,"44":0.8249801397,