{"loss":{"0":0.6100167036,"1":0.5619789958,"2":0.5450156331,"3":0.5365660787,"4":0.5310057402,"5":0.5254099369,"6":0.5157449841,"7":0.5072531104,"8":0.4977773726,"9":0.489261955,"10":0.4812791646,"11":0.4749439359,"12":0.4693160653,"13":0.4642635584,"14":0.459228605,"15":0.4548456967,"16":0.4495380223,"17":0.4430468082,"18":0.4367420673,"19":0.4302518666,"20":0.4241112173,"21":0.4180923998,"22":0.4131498039,"23":0.4073418081,"24":0.4028760493,"25":0.3980606496,"26":0.3934413791,"27":0.3891740143,"28":0.3845150769,"29":0.3803532124,"30":0.3759022653,"31":0.3719688356,"32":0.3675656021,"33":0.3627590239,"34":0.3585016429,"35":0.3534772098,"36":0.3485380113,"37":0.3437307775,"38":0.338285923,"39":0.3330437839,"40":0.3283157051,"41":0.3238998652,"42":0.3198766112,"43":0.3142206371,"44":0.3096410334,"45":0.3047680855,"46":0.2998587489,"47":0.2949256599,"48":0.2904502153,"49":0.284820199,"50":0.2806929946,"51":0.2763025761,"52":0.2717750669,"53":0.2678430378,"54":0.2643688917,"55":0.260098666,"56":0.256588459,"57":0.2534830272,"58":0.2500009537,"59":0.2458422482,"60":0.2423334867,"61":0.2384751439,"62":0.2350823432,"63":0.2320263982,"64":0.228726998,"65":0.225778237,"66":0.2233911157,"67":0.2202003896,"68":0.2184320837,"69":0.2155133933,"70":0.2130909115,"71":0.2108193636,"72":0.2101148069,"73":0.2080601454,"74":0.206674248,"75":0.2063310593,"76":0.204420507,"77":0.2030208111,"78":0.2020159364,"79":0.2004114836,"80":0.1994284391,"81":0.1990195811,"82":0.1981581748,"83":0.1971646994,"84":0.1956565082,"85":0.1943545192,"86":0.1941417903,"87":0.192989409,"88":0.1926136166,"89":0.1911277026,"90":0.1898096204,"91":0.1891727448,"92":0.1888367683,"93":0.187706843,"94":0.18609038,"95":0.1857379973,"96":0.184480235,"97":0.1848570704},"accuracy":{"0":0.6558790803,"1":0.6838595271,"2":0.6948971748,"3":0.6998749971,"4":0.7047073245,"5":0.7131356001,"6":0.7303557396,"7":0.7479804754,"8":0.7676190734,"9":0.7823616266,"10":0.79383111,"11":0.8002727628,"12":0.8050051332,"13":0.8088101149,"14":0.8125968575,"15":0.8155426979,"16":0.8170337677,"17":0.8196204305,"18":0.8216751814,"19":0.824652791,"20":0.8265939355,"21":0.8286350965,"22":0.8298897743,"23":0.8319900036,"24":0.8332992196,"25":0.8355540633,"26":0.8376815319,"27":0.8388953209,"28":0.8411000967,"29":0.8439459205,"30":0.8459961414,"31":0.8484691381,"32":0.8511058092,"33":0.8544834852,"34":0.8572610617,"35":0.8595294952,"36":0.8631207943,"37":0.8662939072,"38":0.8695124388,"39":0.8723173141,"40":0.8751221895,"41":0.8771997094,"42":0.8798863292,"43":0.8825548291,"44":0.8846687078,"45":0.8870189786,"46":0.8891601562,"47":0.8914467692,"48":0.8933060765,"49":0.895465374,"50":0.8975610733,"51":0.8994022012,"52":0.9014387727,"53":0.9030344486,"54":0.9047664404,"55":0.9066894054,"56":0.9079759121,"57":0.9091760516,"58":0.9109080434,"59":0.9128718972,"60":0.9142584205,"61":0.9158904552,"62":0.9168814421,"63":0.9182452559,"64":0.9193408489,"65":0.9204955101,"66":0.921718359,"67":0.9230867028,"68":0.9238550067,"69":0.925214231,"70":0.9261097908,"71":0.9273099303,"72":0.9277054071,"73":0.9287191629,"74":0.9294374585,"75":0.9295601845,"76":0.9302693605,"77":0.9310557842,"78":0.9317240715,"79":0.9322922826,"80":0.9329150915,"81":0.9331151247,"82":0.9333106279,"83":0.9340470433,"84":0.9344243407,"85":0.9353380799,"86":0.9349834919,"87":0.9359700084,"88":0.9357699752,"89":0.9366882443,"90":0.9373610616,"91":0.9373201728,"92":0.9373201728,"93":0.9375156164,"94":0.9385066628,"95":0.9383702874,"96":0.9388703108,"97":0.9390248656},"lr":{"0":0.0009999952,"1":0.0009999952,"2":0.0009999952,"3":0.0009999952,"4":0.0009999952,"5":0.0009999952,"6":0.0009999952,"7":0.0009999952,"8":0.0009999952,"9":0.0009999952,"10":0.0009999952,"11":0.0009999952,"12":0.0009999952,"13":0.0009999952,"14":0.0009999952,"15":0.0009999952,"16":0.0009999952,"17":0.0009999952,"18":0.0009999952,"19":0.0009999952,"20":0.0009999952,"21":0.0009999952,"22":0.0009999952,"23":0.0009999952,"24":0.0009999952,"25":0.0009999952,"26":0.0009999952,"27":0.0009999952,"28":0.0009999952,"29":0.0009999952,"30":0.0009999952,"31":0.0009999952,"32":0.0009999952,"33":0.0009999952,"34":0.0009999952,"35":0.0009999952,"36":0.0009999952,"37":0.0009999952,"38":0.0009999952,"39":0.0009999952,"40":0.0009999952,"41":0.0009999952,"42":0.0009999952,"43":0.0009999952,"44":0.0009999952,"45":0.0009999952,"46":0.0009999952,"47":0.0009999952,"48":0.0009999952,"49":0.0009999952,"50":0.0009999952,"51":0.0009999952,"52":0.0009999952,"53":0.0009999952,"54":0.0009999952,"55":0.0009999952,"56":0.0009999952,"57":0.0009999952,"58":0.0009999952,"59":0.0009999952,"60":0.0009999952,"61":0.0009999952,"62":0.0009999952,"63":0.0009999952,"64":0.0009999952,"65":0.0009999952,"66":0.0009999952,"67":0.0009999952,"68":0.0009999952,"69":0.0009999952,"70":0.0009999952,"71":0.0009999952,"72":0.0009999952,"73":0.0009999952,"74":0.0009999952,"75":0.0009999952,"76":0.0009999952,"77":0.0009999952,"78":0.0009999952,"79":0.0009999952,"80":0.0009999952,"81":0.0009999952,"82":0.0009999952,"83":0.0009999952,"84":0.0009999952,"85":0.0009999952,"86":0.0009999952,"87":0.0009999952,"88":0.0009999952,"89":0.0009999952,"90":0.0009999952,"91":0.0009999952,"92":0.0009999952,"93":0.0009999952,"94":0.0009999952,"95":0.0009999952,"96":0.0009999952,"97":0.0009999952},"val_loss":{"0":0.5730749965,"1":0.5523135662,"2":0.540435791,"3":0.5330720544,"4":0.5276547074,"5":0.525873363,"6":0.5109556913,"7":0.5010716319,"8":0.4929245114,"9":0.4828281403,"10":0.477117002,"11":0.4740902185,"12":0.4657177627,"13":0.4609338343,"14":0.4575902224,"15":0.4531992674,"16":0.4464054406,"17":0.4398431182,"18":0.4408011138,"19":0.4275739491,"20":0.4255565405,"21":0.4225292802,"22":0.4091715217,"23":0.4100055397,"24":0.4033138752,"25":0.3996538222,"26":0.3930117488,"27":0.3873279691,"28":0.3836788833,"29":0.3772230446,"30":0.3742331564,"31":0.3683601618,"32":0.3651529849,"33":0.3619009852,"34":0.3635590374,"35":0.3535501063,"36":0.3453260064,"37":0.339122653,"38":0.3451645672,"39":0.3311525583,"40":0.3244125843,"41":0.3228330314,"42":0.3149409592,"43":0.3107134104,"44":0.307081461,"45":0.3035126328,"46":0.2990154028,"47":0.2894130051,"48":0.2869402468,"49":0.2869153023,"50":0.2875222266,"51":0.2745223939,"52":0.2729193568,"53":0.2683760226,"54":0.2594222426,"55":0.2570602894,"56":0.2557962239,"57":0.2626226842,"58":0.2518443167,"59":0.244795531,"60":0.2377828807,"61":0.2382436097,"62":0.2390125096,"63":0.2424055189,"64":0.2289712727,"65":0.2229273468,"66":0.2200385034,"67":0.2197441459,"68":0.2173532397,"69":0.2142113447,"70":0.2083456218,"71":0.2106733322,"72":0.2115012109,"73":0.205861643,"74":0.2100803107,"75":0.2168248594,"76":0.2009269148,"77":0.1993024349,"78":0.1992285848,"79":0.1999454349,"80":0.2023108751,"81":0.1939649731,"82":0.2034439296,"83":0.1940239817,"84":0.2006796747,"85":0.197857514,"86":0.1888943762,"87":0.1939193308,"88":0.1913357079,"89":0.187604636,"90":0.1861373186,"91":0.1996791661,"92":0.1838935763,"93":0.1841851324,"94":0.1845525652,"95":0.1966540068,"96":0.1796307713,"97":0.1818013936},"val_accuracy":{"0":0.6738584042,"1":0.6942880154,"2":0.6964836717,"3":0.7035640478,"4":0.7080509067,"5":0.7240095735,"6":0.746252954,"7":0.7582339048,"8":0.7792044282,"9":0.7945266366,"10":0.7948130369,"11":0.7943993807,"12":0.8055688143,"13":0.8156403899,"14":0.8189021349,"15":0.8210023642,"16":0.8216229081,"17":0.8204137087,"18":0.8138106465,"19":0.8284646273,"20":0.8181861639,"21":0.8281782269,"22":0.8316944838,"23":0.8348448873,"24":0.8367859721,"25":0.8315513134,"26":0.8397294879,"27":0.8422116041,"28":0.8392680883,"29":0.8474144936,"30":0.8451869488,"31":0.8510421515,"32":0.8515672088,"33":0.8518376946,"34":0.847287178,"35":0.8583930135,"36":0.8670962453,"37":0.8697692752,"38":0.8691805601,"39":0.8736515641,"40":0.8776451945,"41":0.8758631945,"42":0.8816069961,"43":0.8841368556,"44":0.8838186264,"45":0.8886873722,"46":0.8912012577,"47":0.8934606314,"48":0.8959268332,"49":0.8940016031,"50":0.8931105733,"51":0.9038822651,"52":0.9026730061,