{"loss":{"0":0.6413365602,"1":0.5887256861,"2":0.5781962872,"3":0.5644961596,"4":0.5477259755,"5":0.5360497832,"6":0.5275290012,"7":0.5211874247,"8":0.5158452392,"9":0.510820508,"10":0.5055738091,"11":0.5006739497,"12":0.4953534603,"13":0.4893747866,"14":0.4822635651,"15":0.4727624655,"16":0.4619584978,"17":0.4494809508,"18":0.4399812222,"19":0.4329658151,"20":0.4266377091,"21":0.4208901525,"22":0.41640836,"23":0.4123324454,"24":0.408311069,"25":0.4047196507,"26":0.4014356136,"27":0.3977555931,"28":0.3948859572,"29":0.3917348981,"30":0.3884173632,"31":0.3855406046,"32":0.3828428388,"33":0.380209744,"34":0.3773586154,"35":0.3749058247,"36":0.3721271455,"37":0.3695264757,"38":0.3674133122,"39":0.3644551933,"40":0.3623272181,"41":0.3595235944,"42":0.3572564125,"43":0.354771167,"44":0.3524034321,"45":0.3503911793,"46":0.3475561142,"47":0.3458635509,"48":0.3434650302,"49":0.3418062031,"50":0.3396752477,"51":0.3377692699,"52":0.3356617987,"53":0.3342051506,"54":0.3324767649,"55":0.3312027156,"56":0.3298676014,"57":0.3286378682,"58":0.3267216086,"59":0.3256502748,"60":0.3244544268,"61":0.3229235709,"62":0.3223802149,"63":0.3213633895,"64":0.3201665282,"65":0.3193867207,"66":0.3183609545,"67":0.3177611828,"68":0.3163152635,"69":0.3160291314,"70":0.3157961071,"71":0.314372927,"72":0.3134380579,"73":0.3128021061,"74":0.3125187159,"75":0.3113820255,"76":0.3105392158,"77":0.310382545,"78":0.3092356622,"79":0.3088442981,"80":0.3076913655,"81":0.3069197536,"82":0.3062895536,"83":0.3058357537,"84":0.3041800857,"85":0.3044614494},"accuracy":{"0":0.6333810687,"1":0.6679122448,"2":0.6724264026,"3":0.6819365621,"4":0.6936151981,"5":0.7003296018,"6":0.7085577846,"7":0.7208001018,"8":0.7303284407,"9":0.7385930419,"10":0.746507585,"11":0.7513399124,"12":0.7564450502,"13":0.7629685402,"14":0.7711467147,"15":0.7820979953,"16":0.7922354937,"17":0.8014683723,"18":0.8079099655,"19":0.8116967678,"20":0.8141198158,"21":0.8173519969,"22":0.8194749355,"23":0.8210069537,"24":0.823584497,"25":0.8257302046,"26":0.828507781,"27":0.8302443624,"28":0.8322809339,"29":0.833935678,"30":0.8365132213,"31":0.8379907012,"32":0.8402318358,"33":0.842386663,"34":0.8444868922,"35":0.8457870483,"36":0.8478872776,"37":0.8492828608,"38":0.8503557444,"39":0.8530469537,"40":0.8541561365,"41":0.8559609056,"42":0.857170105,"43":0.8590840101,"44":0.8604341149,"45":0.8619524837,"46":0.8635617495,"47":0.8648210168,"48":0.86621207,"49":0.8672894835,"50":0.8686578274,"51":0.8699397445,"52":0.871135354,"53":0.8724855185,"54":0.8732765317,"55":0.8741402626,"56":0.8747630119,"57":0.8757540584,"58":0.8769087195,"59":0.877658844,"60":0.8782998323,"61":0.8790544271,"62":0.8798090816,"63":0.880395472,"64":0.8811182976,"65":0.8812683225,"66":0.8819820285,"67":0.882204771,"68":0.8825230002,"69":0.883541286,"70":0.8827639222,"71":0.883659482,"72":0.8844596148,"73":0.8846278191,"74":0.8851960301,"75":0.8855551481,"76":0.8857597709,"77":0.8858643174,"78":0.8855551481,"79":0.8861779571,"80":0.8870871663,"81":0.8866870999,"82":0.8871008158,"83":0.887514472,"84":0.8881372809,"85":0.8873190284},"lr":{"0":0.0009999952,"1":0.0009999952,"2":0.0009999952,"3":0.0009999952,"4":0.0009999952,"5":0.0009999952,"6":0.0009999952,"7":0.0009999952,"8":0.0009999952,"9":0.0009999952,"10":0.0009999952,"11":0.0009999952,"12":0.0009999952,"13":0.0009999952,"14":0.0009999952,"15":0.0009999952,"16":0.0009999952,"17":0.0009999952,"18":0.0009999952,"19":0.0009999952,"20":0.0009999952,"21":0.0009999952,"22":0.0009999952,"23":0.0009999952,"24":0.0009999952,"25":0.0009999952,"26":0.0009999952,"27":0.0009999952,"28":0.0009999952,"29":0.0009999952,"30":0.0009999952,"31":0.0009999952,"32":0.0009999952,"33":0.0009999952,"34":0.0009999952,"35":0.0009999952,"36":0.0009999952,"37":0.0009999952,"38":0.0009999952,"39":0.0009999952,"40":0.0009999952,"41":0.0009999952,"42":0.0009999952,"43":0.0009999952,"44":0.0009999952,"45":0.0009999952,"46":0.0009999952,"47":0.0009999952,"48":0.0009999952,"49":0.0009999952,"50":0.0009999952,"51":0.0009999952,"52":0.0009999952,"53":0.0009999952,"54":0.0009999952,"55":0.0009999952,"56":0.0009999952,"57":0.0009999952,"58":0.0009999952,"59":0.0009999952,"60":0.0009999952,"61":0.0009999952,"62":0.0009999952,"63":0.0009999952,"64":0.0009999952,"65":0.0009999952,"66":0.0009999952,"67":0.0009999952,"68":0.0009999952,"69":0.0009999952,"70":0.0009999952,"71":0.0009999952,"72":0.0009999952,"73":0.0009999952,"74":0.0009999952,"75":0.0009999952,"76":0.0009999952,"77":0.0009999952,"78":0.0009999952,"79":0.0009999952,"80":0.0009999952,"81":0.0009999952,"82":0.0009999952,"83":0.0009999952,"84":0.0009999952,"85":0.0009999952},"val_loss":{"0":0.5963905454,"1":0.5840866566,"2":0.5741460919,"3":0.5560418367,"4":0.5410417914,"5":0.5317744613,"6":0.5235403776,"7":0.5172182918,"8":0.5120280385,"9":0.5074577332,"10":0.5041395426,"11":0.4988091886,"12":0.4930457473,"13":0.4873638153,"14":0.4793832004,"15":0.468911469,"16":0.4581588805,"17":0.4453685284,"18":0.4380144775,"19":0.4300403595,"20":0.4249574244,"21":0.4201798737,"22":0.4203495681,"23":0.4145090878,"24":0.4080861211,"25":0.4024117887,"26":0.4014115632,"27":0.3969864547,"28":0.3919962645,"29":0.3903894126,"30":0.3869950175,"31":0.3831180632,"32":0.3827984035,"33":0.3769288361,"34":0.3771761358,"35":0.3742146194,"36":0.3695613742,"37":0.3676580787,"38":0.3650152683,"39":0.3766592741,"40":0.3599797487,"41":0.3581531048,"42":0.3560782373,"43":0.3664667308,"44":0.3499373198,"45":0.3475371599,"46":0.3603684604,"47":0.3467818797,"48":0.3404459655,"49":0.3405197561,"50":0.3425766826,"51":0.3344780505,"52":0.3374408185,"53":0.3308646977,"54":0.3307014406,"55":0.3327171206,"56":0.3300175667,"57":0.3236345947,"58":0.3228541911,"59":0.3254623413,"60":0.3258718848,"61":0.3198260367,"62":0.3217449188,"63":0.3192677796,"64":0.315202117,"65":0.317424804,"66":0.3309842348,"67":0.3162350357,"68":0.311060816,"69":0.3137941062,"70":0.3250383139,"71":0.3138541281,"72":0.30829072,"73":0.3199520707,"74":0.3087921739,"75":0.3119280338,"76":0.3138604462,"77":0.3069635034,"78":0.306994617,"79":0.3093624413,"80":0.3057411313,"81":0.3047020435,"82":0.314637363,"83":0.3005765378,"84":0.3090070188,"85":0.3005408347},"val_accuracy":{"0":0.6632457972,"1":0.6648687124,"2":0.6848210096,"3":0.6880350113,"4":0.6993317604,"5":0.7020683885,"6":0.7173905969,"7":0.7237390876,"8":0.7343834639,"9":0.7427048683,"10":0.7508193851,"11":0.7517581582,"12":0.7600159049,"13":0.7645505071,"14":0.7738901973,"15":0.7870166898,"16":0.7986316681,"17":0.8064121008,"18":0.8108512163,"19":0.8166269064,"20":0.8152585626,"21":0.82141608,"22":0.8134129047,"23":0.8188543916,"24":0.8279713392,"25":0.8269053102,"26":0.8307239413,"27":0.8291010261,"28":0.832840085,"29":0.8382338881,"30":0.8374701738,"31":0.8381861448,"32":0.8347334862,"33":0.8433094621,"34":0.8404296041,"35":0.8426889181,"36":0.852601409,"37":0.8521081805,"38":0.8511853814,"39":0.8407319188,"40":0.8585520983,"41":0.8551312685,"42":0.8551949263,"43":0.8601272702,"44":0.8593953848,"45":0.8613683581,"46":0.8602068424,"47":0.8698488474,"48":0.86547333,"49":0.8690214753,"50":0.8687032461,"51":0.8768178225,"52":0.8670962453,"53":0.8781861663,"54":0.8772951365,"55":0.8678440452,"56":0.8790453672,"57":0.8791248798,"58":0.8800477386,"59":0.8794271946,"60":0.8818456531,"61":0.880063653,"62":0.8815274239,"63":0.8862370849,"64":0.8833094835,"65":0.8868098855,"66":0.8687032461,"67":0.8828003407,"68":0.8848528266,"69":0.88015908,"70":0.8735242486,"71":0.8874940276,"72":0.8847732544,"73":0.8769133091,"74":0.8883213997,"75":0.8864916563,"76":0.8873826861,"77":0.8850755692,"78":0.8846937418,"79":0.8817183971,"80":0.887398541,"81":0.8927287459,"82":0.886921227,"83":0.8885123134,"84":0.8927764297,"85":0.8908512592},"val_lr":{"0":0.0010000006,"1":0.0010000006,"2":0.0010000006,"3":0.0010000006,"4":0.0010000006,"5":0.0010000006,"6":0.0010000006,"7":0.0010000006,"8":0.0010000006,"9":0.0010000006,"10":0.0010000006,"11":0.0010000006,"12":0.0010000006,"13":0.0010000006,"14":0.0010000006,"15":0.0010000006,