{"loss":{"0":0.6753854752,"1":0.5901241899,"2":0.5764781237,"3":0.5661887527,"4":0.5549347997,"5":0.5378331542,"6":0.5199043751,"7":0.5078458786,"8":0.4981558919,"9":0.4902093709,"10":0.4836276174,"11":0.4782390893,"12":0.473908931,"13":0.469758451,"14":0.4664332569,"15":0.4635013342,"16":0.4595372081,"17":0.4551490247,"18":0.4512678385,"19":0.44695732,"20":0.4419867098,"21":0.437225014,"22":0.4314955473,"23":0.4266859591,"24":0.4226929843,"25":0.4180787802,"26":0.4143616855,"27":0.4105436802,"28":0.4063643515,"29":0.4021839499,"30":0.3979683816,"31":0.3927435577,"32":0.3870181143,"33":0.3812006414,"34":0.3741367161,"35":0.3658257425,"36":0.3565219343,"37":0.3448059559,"38":0.3302957714,"39":0.3140870333,"40":0.2985837758,"41":0.2853762507,"42":0.2729594409,"43":0.2625854909,"44":0.2517375052,"45":0.2428932041,"46":0.2331606448,"47":0.2238969505,"48":0.2162432373,"49":0.2090891004,"50":0.2033678293,"51":0.1976812482,"52":0.1927020103,"53":0.1890909523,"54":0.1855773181,"55":0.1817941368,"56":0.1791363209,"57":0.1753146648,"58":0.1737190485,"59":0.1710968763,"60":0.1689842194,"61":0.1674155742,"62":0.1644814759,"63":0.1630150229,"64":0.1616672128,"65":0.1599126309,"66":0.1585453749,"67":0.156728521,"68":0.1559879333,"69":0.1545388848,"70":0.1531089842,"71":0.1527341157,"72":0.1511108875,"73":0.1503510624,"74":0.148531124,"75":0.1483744979,"76":0.1467215866,"77":0.1461077631,"78":0.1448195875,"79":0.1443676353,"80":0.1448458731},"accuracy":{"0":0.5841391087,"1":0.6679304242,"2":0.6771451235,"3":0.6858370304,"4":0.6957381368,"5":0.7143402696,"6":0.7367746234,"7":0.7523081899,"8":0.7647187114,"9":0.773978889,"10":0.7821707129,"11":0.7887714505,"12":0.7928855419,"13":0.7968041897,"14":0.7988589406,"15":0.800804615,"16":0.8031912446,"17":0.8063006997,"18":0.8076008558,"19":0.8090555668,"20":0.8109830618,"21":0.8114558458,"22":0.813228786,"23":0.8145107627,"24":0.814542532,"25":0.8162609339,"26":0.8175019622,"27":0.8186385036,"28":0.8195340633,"29":0.8215569854,"30":0.8226252794,"31":0.8256483674,"32":0.8289169073,"33":0.8323264122,"34":0.8364996314,"35":0.8415365219,"36":0.8483918905,"37":0.8565655351,"38":0.8661075234,"39":0.8751403689,"40":0.8838776946,"41":0.8908057809,"42":0.8970792294,"43":0.9019433856,"44":0.9071758389,"45":0.9111899137,"46":0.9158449769,"47":0.9200682044,"48":0.9240095615,"49":0.927259922,"50":0.9300374985,"51":0.932446897,"52":0.9344652891,"53":0.9362927675,"54":0.9376247525,"55":0.9393703938,"56":0.940402329,"57":0.942184329,"58":0.9428753257,"59":0.943998158,"60":0.944616437,"61":0.9454528689,"62":0.9463257194,"63":0.9470348954,"64":0.947139442,"65":0.9483077526,"66":0.9487714767,"67":0.949416995,"68":0.9496760964,"69":0.9504125714,"70":0.95075351,"71":0.9508580565,"72":0.9514990449,"73":0.9519854784,"74":0.9528400898,"75":0.9525264502,"76":0.9533128738,"77":0.9534583688,"78":0.9543311596,"79":0.9545630217,"80":0.9541584253},"lr":{"0":0.0009999952,"1":0.0009999952,"2":0.0009999952,"3":0.0009999952,"4":0.0009999952,"5":0.0009999952,"6":0.0009999952,"7":0.0009999952,"8":0.0009999952,"9":0.0009999952,"10":0.0009999952,"11":0.0009999952,"12":0.0009999952,"13":0.0009999952,"14":0.0009999952,"15":0.0009999952,"16":0.0009999952,"17":0.0009999952,"18":0.0009999952,"19":0.0009999952,"20":0.0009999952,"21":0.0009999952,"22":0.0009999952,"23":0.0009999952,"24":0.0009999952,"25":0.0009999952,"26":0.0009999952,"27":0.0009999952,"28":0.0009999952,"29":0.0009999952,"30":0.0009999952,"31":0.0009999952,"32":0.0009999952,"33":0.0009999952,"34":0.0009999952,"35":0.0009999952,"36":0.0009999952,"37":0.0009999952,"38":0.0009999952,"39":0.0009999952,"40":0.0009999952,"41":0.0009999952,"42":0.0009999952,"43":0.0009999952,"44":0.0009999952,"45":0.0009999952,"46":0.0009999952,"47":0.0009999952,"48":0.0009999952,"49":0.0009999952,"50":0.0009999952,"51":0.0009999952,"52":0.0009999952,"53":0.0009999952,"54":0.0009999952,"55":0.0009999952,"56":0.0009999952,"57":0.0009999952,"58":0.0009999952,"59":0.0009999952,"60":0.0009999952,"61":0.0009999952,"62":0.0009999952,"63":0.0009999952,"64":0.0009999952,"65":0.0009999952,"66":0.0009999952,"67":0.0009999952,"68":0.0009999952,"69":0.0009999952,"70":0.0009999952,"71":0.0009999952,"72":0.0009999952,"73":0.0009999952,"74":0.0009999952,"75":0.0009999952,"76":0.0009999952,"77":0.0009999952,"78":0.0009999952,"79":0.0009999952,"80":0.0009999952},"val_loss":{"0":0.6061766744,"1":0.5814574361,"2":0.5709977746,"3":0.5602293611,"4":0.5484146476,"5":0.5253641605,"6":0.509986937,"7":0.5036630034,"8":0.4931837618,"9":0.4907094538,"10":0.4786866307,"11":0.4725232422,"12":0.4815767109,"13":0.4711120129,"14":0.4620933235,"15":0.468488276,"16":0.4596765637,"17":0.4561240077,"18":0.4483765066,"19":0.4471257329,"20":0.4383520484,"21":0.4326138794,"22":0.4334204197,"23":0.4232840538,"24":0.4208269417,"25":0.421254009,"26":0.4109022319,"27":0.4070095718,"28":0.4129770994,"29":0.3992073238,"30":0.3965341449,"31":0.3890573084,"32":0.3836706877,"33":0.3778477311,"34":0.3695863485,"35":0.3648418486,"36":0.3527866006,"37":0.3408353329,"38":0.3213989437,"39":0.3056474626,"40":0.2914411128,"41":0.2788288593,"42":0.2689301372,"43":0.256976217,"44":0.2489287853,"45":0.2405201197,"46":0.2319288105,"47":0.2199744284,"48":0.2149547338,"49":0.2060855031,"50":0.2002452016,"51":0.2275085747,"52":0.1884423494,"53":0.1867289096,"54":0.1860910803,"55":0.1787839681,"56":0.1753318012,"57":0.1727631837,"58":0.1711418331,"59":0.167520836,"60":0.174086526,"61":0.1673704982,"62":0.1611054391,"63":0.15805538,"64":0.2102807164,"65":0.1598289758,"66":0.1555430889,"67":0.1670285463,"68":0.1552118808,"69":0.151282236,"70":0.1502436399,"71":0.1563281268,"72":0.1537172496,"73":0.1467422247,"74":0.1471332163,"75":0.1470918804,"76":0.1500824541,"77":0.1417405009,"78":0.1413909942,"79":0.1449814737,"80":0.1425119638},"val_accuracy":{"0":0.6650119424,"1":0.6836754084,"2":0.6815910935,"3":0.6954972148,"4":0.7129196525,"5":0.7268098593,"6":0.7481304407,"7":0.7543993592,"8":0.7660779357,"9":0.7714240551,"10":0.7916308641,"11":0.7955926657,"12":0.7807478309,"13":0.7951153517,"14":0.8054097295,"15":0.7944152951,"16":0.8016229272,"17":0.8023229837,"18":0.8120923042,"19":0.8051074147,"20":0.8129037619,"21":0.813349247,"22":0.8144152761,"23":0.8164995909,"24":0.8168814778,"25":0.8139379621,"26":0.818774879,"27":0.8223388791,"28":0.8100715876,"29":0.8229594231,"30":0.8215433359,"31":0.8297056556,"32":0.8321400285,"33":0.8332697153,"34":0.8374224305,"35":0.8436595201,"36":0.8535083532,"37":0.8585202694,"38":0.8724263906,"39":0.8816706538,"40":0.8877485991,"41":0.8945425749,"42":0.8999840617,"43":0.9050437808,"44":0.9116149545,"45":0.9133015275,"46":0.9156722426,"47":0.9226253033,"48":0.9242004752,"49":0.9293237925,"50":0.9329196215,"51":0.924264133,"52":0.9378201962,"53":0.9366905093,"54":0.9357517958,"55":0.9424821138,"56":0.9414319992,"57":0.9425934553,"58":0.9432458282,"59":0.9452346563,"60":0.9445664287,"61":0.9456006289,"62":0.9484645724,"63":0.9491328597,"64":0.9310580492,"65":0.9498488307,"66":0.9508353472,"67":0.9480986595,"68":0.9480350018,"69":0.9515672326,"70":0.9513444901,"71":0.9484804869,"72":0.9515990615,"73":0.9533333182,"74":0.9529355764,"75":0.9540334344,"76":0.9538265467,"77":0.9545425773,"78":0.9547175765,"79":0.9524582624,"80":0.9545744061},"val_lr":{"0":0.0010000006,"1":0.0010000006,"2":0.0010000006,"3":0.0010000006,"4":0.0010000006,"5":0.0010000006,"6":0.0010000006,"7":0.0010000006,"8":0.0010000006,"9":0.0010000006,"10":0.0010000006,"11":0.0010000006,"12":0.0010000006,"13":0.0010000006,"14":0.0010000006,"15":0.0010000006,"16":0.0010000006,"17":0.0010000006,"18":0.0010000006,"19":0.0010000006,"20":0.0010000006,"21":0.0010000006,"22":0.0010000006,"23":0.0010000006,"24":0.0010000006,"25":0.0010000006,"26":0.0010000006,"27":0.0010000006,"28":0.0010000006,"29":0.0010000006,"30":0.0010000006,"31":0.0010000006,"32":0.0010000006,"33":0.0010000006,"34":0.0010000006,"35":0.0010000006,"36":0.0010000006,"37":0.0010000006,"38":0.0010000006,"39":0.0010000006,