{"loss":{"0":0.6198294759,"1":0.5834795237,"2":0.5716406107,"3":0.5511004925,"4":0.528044045,"5":0.5148815513,"6":0.5063035488,"7":0.5000550151,"8":0.4948569536,"9":0.491653949,"10":0.4885253906,"11":0.4856498837,"12":0.4825583994,"13":0.4788805842,"14":0.4742479622,"15":0.4684827924,"16":0.4618539512,"17":0.4527585208,"18":0.4421442151,"19":0.4316562712,"20":0.4217531085,"21":0.4139707386,"22":0.4068952501,"23":0.4006526768,"24":0.3955574036,"25":0.3909758329,"26":0.3860045671,"27":0.3817958236,"28":0.3773337603,"29":0.3734440804,"30":0.3694224954,"31":0.3659335077,"32":0.361759901,"33":0.358764559,"34":0.3557082117,"35":0.3527569473,"36":0.3494780064,"37":0.346709311,"38":0.3438767493,"39":0.3409824371,"40":0.3376905024,"41":0.3360043168,"42":0.333150357,"43":0.3307437003,"44":0.3287984729,"45":0.3254142404,"46":0.3238465786,"47":0.3215892315,"48":0.319617331,"49":0.3180112839,"50":0.3160021007,"51":0.3147106171,"52":0.3131271601,"53":0.3120383024,"54":0.3102893233,"55":0.3083501458,"56":0.3077692091,"57":0.3069787323,"58":0.305160284,"59":0.3040314913,"60":0.3030255139,"61":0.3017697632,"62":0.3013406694,"63":0.2991477847,"64":0.2986592948,"65":0.2978882492,"66":0.2970396578,"67":0.296320945,"68":0.294809401,"69":0.2942663431,"70":0.2931583822,"71":0.2918455005,"72":0.2920440733},"accuracy":{"0":0.6446914673,"1":0.6742811799,"2":0.6807318926,"3":0.6961382031,"4":0.7240868211,"5":0.7461484075,"6":0.7607136965,"7":0.7711240053,"8":0.7792840004,"9":0.781547904,"10":0.7858665586,"11":0.7888123393,"12":0.7915990353,"13":0.79442662,"14":0.7978315949,"15":0.8013319969,"16":0.8047414422,"17":0.8097147346,"18":0.8155790567,"19":0.8205432296,"20":0.8250619173,"21":0.828744173,"22":0.8313763142,"23":0.8348130584,"24":0.8373633623,"25":0.8398545384,"26":0.8429867029,"27":0.8453415036,"28":0.8481190801,"29":0.8509784937,"30":0.8532560468,"31":0.8555199504,"32":0.8585793972,"33":0.8605296016,"34":0.8628071547,"35":0.864398241,"36":0.8660984039,"37":0.8676349521,"38":0.869212389,"39":0.8710126281,"40":0.8732855916,"41":0.8740265965,"42":0.8756858706,"43":0.8767678142,"44":0.8780588508,"45":0.8798636198,"46":0.8802363873,"47":0.8817411065,"48":0.882582128,"49":0.8834912777,"50":0.8849187493,"51":0.8848142028,"52":0.8862597942,"53":0.8861870766,"54":0.887037158,"55":0.8879736066,"56":0.8881054521,"57":0.8890601397,"58":0.8894329071,"59":0.8895783424,"60":0.8907466531,"61":0.8911876082,"62":0.891373992,"63":0.8922150135,"64":0.8927378058,"65":0.8929241896,"66":0.8934060931,"67":0.8936060667,"68":0.8944607377,"69":0.8946971297,"70":0.8954290152,"71":0.8962836862,"72":0.895938158},"lr":{"0":0.0009999952,"1":0.0009999952,"2":0.0009999952,"3":0.0009999952,"4":0.0009999952,"5":0.0009999952,"6":0.0009999952,"7":0.0009999952,"8":0.0009999952,"9":0.0009999952,"10":0.0009999952,"11":0.0009999952,"12":0.0009999952,"13":0.0009999952,"14":0.0009999952,"15":0.0009999952,"16":0.0009999952,"17":0.0009999952,"18":0.0009999952,"19":0.0009999952,"20":0.0009999952,"21":0.0009999952,"22":0.0009999952,"23":0.0009999952,"24":0.0009999952,"25":0.0009999952,"26":0.0009999952,"27":0.0009999952,"28":0.0009999952,"29":0.0009999952,"30":0.0009999952,"31":0.0009999952,"32":0.0009999952,"33":0.0009999952,"34":0.0009999952,"35":0.0009999952,"36":0.0009999952,"37":0.0009999952,"38":0.0009999952,"39":0.0009999952,"40":0.0009999952,"41":0.0009999952,"42":0.0009999952,"43":0.0009999952,"44":0.0009999952,"45":0.0009999952,"46":0.0009999952,"47":0.0009999952,"48":0.0009999952,"49":0.0009999952,"50":0.0009999952,"51":0.0009999952,"52":0.0009999952,"53":0.0009999952,"54":0.0009999952,"55":0.0009999952,"56":0.0009999952,"57":0.0009999952,"58":0.0009999952,"59":0.0009999952,"60":0.0009999952,"61":0.0009999952,"62":0.0009999952,"63":0.0009999952,"64":0.0009999952,"65":0.0009999952,"66":0.0009999952,"67":0.0009999952,"68":0.0009999952,"69":0.0009999952,"70":0.0009999952,"71":0.0009999952,"72":0.0009999952},"val_loss":{"0":0.5898462534,"1":0.578784585,"2":0.5626864433,"3":0.5357615948,"4":0.5205276012,"5":0.5098063946,"6":0.5029144287,"7":0.4961307049,"8":0.492127955,"9":0.4941542447,"10":0.4848130345,"11":0.4820150733,"12":0.4805628657,"13":0.4764838815,"14":0.4715876579,"15":0.4645558,"16":0.4563874602,"17":0.451728344,"18":0.434945792,"19":0.4257183075,"20":0.4256464839,"21":0.4086105227,"22":0.4044233263,"23":0.3981118798,"24":0.3921099901,"25":0.3898766339,"26":0.3837771118,"27":0.3786346316,"28":0.380561173,"29":0.372428298,"30":0.3693932891,"31":0.3695682883,"32":0.3599089682,"33":0.3623769283,"34":0.3524632454,"35":0.3500285149,"36":0.3481215835,"37":0.3733079135,"38":0.3440438807,"39":0.3412540853,"40":0.3385558426,"41":0.3383624554,"42":0.3389619291,"43":0.3411800563,"44":0.3266263008,"45":0.3229458034,"46":0.3253205419,"47":0.3217105865,"48":0.3156306744,"49":0.3157608509,"50":0.3145597279,"51":0.3107228875,"52":0.3091095984,"53":0.3078325689,"54":0.3069838583,"55":0.3162232935,"56":0.303899169,"57":0.3012152016,"58":0.301984638,"59":0.3035266697,"60":0.3022061288,"61":0.3067342937,"62":0.2967992127,"63":0.2967361808,"64":0.2953697443,"65":0.2949302793,"66":0.2933524847,"67":0.2919549048,"68":0.2939353883,"69":0.2951156795,"70":0.2896202505,"71":0.2893013358,"72":0.2860463858},"val_accuracy":{"0":0.6820206642,"1":0.6830707788,"2":0.6831662655,"3":0.71194911,"4":0.7405250669,"5":0.758440733,"6":0.7669053078,"7":0.7764200568,"8":0.7804932594,"9":0.7694351673,"10":0.7898011208,"11":0.7956881523,"12":0.7939856648,"13":0.7984566689,"14":0.8009387255,"15":0.8075417876,"16":0.812012732,"17":0.8065711856,"18":0.8230708241,"19":0.8258551955,"20":0.824057281,"21":0.8342243433,"22":0.8300397992,"23":0.841622889,"24":0.8368337154,"25":0.8358472586,"26":0.8484805226,"27":0.8496578932,"28":0.8441527486,"29":0.8476531506,"30":0.8560699821,"31":0.8570564985,"32":0.8591726422,"33":0.8632935286,"34":0.8612887859,"35":0.8678281903,"36":0.8668894172,"37":0.8494988084,"38":0.8686078191,"39":0.8683850169,"40":0.879347682,"41":0.8815910816,"42":0.8791885376,"43":0.879204452,"44":0.879681766,"45":0.8862370849,"46":0.8846619129,"47":0.8782339096,"48":0.8832299113,"49":0.8827685118,"50":0.8892442584,"51":0.8849164844,"52":0.887653172,"53":0.8887668848,"54":0.8917740583,"55":0.878615737,"56":0.889228344,"57":0.890294373,"58":0.8910421729,"59":0.8890214562,"60":0.8881782293,"61":0.8924900293,"62":0.8927923441,"63":0.8928719163,"64":0.8931901455,"65":0.8931742311,"66":0.8972315192,"67":0.8974860907,"68":0.8938106894,"69":0.8962132335,"70":0.8970564604,"71":0.9003977776,"72":0.8994590044},"val_lr":{"0":0.0010000006,"1":0.0010000006,"2":0.0010000006,"3":0.0010000006,"4":0.0010000006,"5":0.0010000006,"6":0.0010000006,"7":0.0010000006,"8":0.0010000006,"9":0.0010000006,"10":0.0010000006,"11":0.0010000006,"12":0.0010000006,"13":0.0010000006,"14":0.0010000006,"15":0.0010000006,"16":0.0010000006,"17":0.0010000006,"18":0.0010000006,"19":0.0010000006,"20":0.0010000006,"21":0.0010000006,"22":0.0010000006,"23":0.0010000006,"24":0.0010000006,"25":0.0010000006,"26":0.0010000006,"27":0.0010000006,"28":0.0010000006,"29":0.0010000006,"30":0.0010000006,"31":0.0010000006,"32":0.0010000006,"33":0.0010000006,"34":0.0010000006,"35":0.0010000006,"36":0.0010000006,"37":0.0010000006,"38":0.0010000006,"39":0.0010000006,"40":0.0010000006,"41":0.0010000006,"42":0.0010000006,"43":0.0010000006,"44":0.0010000006,"45":0.0010000006,"46":0.0010000006,"47":0.0010000006,"48":0.0010000006,"49":0.0010000006,"50":0.0010000006,"51":0.0010000006,"52":0.0010000006,"53":0.0010000006,"54":0.0010000006,"55":0.0010000006,"56":0.0010000006,"57":0.0010000006,"58":0.0010000006,"59":0.0010000006,"60":0.0010000006,"61":0.0010000006,"62":0.0010000006,"63":0.0010000006,"64":0.0010000006,"65":0.0010000006,"66":0.0010000006,"67":0.0010000006,"68":0.0010000006,"69":0.0010000006,"70":0.0010000006,"71":0.0010000006,"72":0.0010000006}}