{"loss":{"0":0.6244522929,"1":0.5795557499,"2":0.5506953001,"3":0.5374535322,"4":0.5322455764,"5":0.5289911628,"6":0.5262758136,"7":0.5242107511,"8":0.5221560597,"9":0.5202946067,"10":0.5184817314,"11":0.5164498687,"12":0.5145722628,"13":0.5125659108,"14":0.5102401972,"15":0.5077958703,"16":0.5053802133,"17":0.5032939911,"18":0.5014827251,"19":0.4997091889,"20":0.4979570806,"21":0.4965136945,"22":0.4949556291,"23":0.4935988188,"24":0.4921784103,"25":0.4909195304,"26":0.489523679,"27":0.487939328,"28":0.4864633977,"29":0.4848535657,"30":0.4835404158,"31":0.4820797443,"32":0.4807571471,"33":0.479601413,"34":0.478285253,"35":0.4775674343,"36":0.4762679338,"37":0.475153923,"38":0.4741111994,"39":0.4730550051,"40":0.4720006287,"41":0.470736444,"42":0.4695152044,"43":0.4678268731,"44":0.4661239982,"45":0.4635055363,"46":0.4603168368,"47":0.4549867213,"48":0.446588248,"49":0.4362872243,"50":0.4252602458,"51":0.4158962667,"52":0.4087758064,"53":0.4033800662,"54":0.3985749781,"55":0.3945613801,"56":0.3913864493,"57":0.3885181844,"58":0.3851442635,"59":0.3826863766,"60":0.3801235259,"61":0.3780094385,"62":0.3755750656,"63":0.3737937808,"64":0.3717007637,"65":0.3702974916,"66":0.3682520986,"67":0.3666493595,"68":0.3649528027,"69":0.3635469377,"70":0.3618857265,"71":0.3601854146,"72":0.3592731059,"73":0.3583089113,"74":0.3565479517,"75":0.356297791,"76":0.3538761139,"77":0.3529345095,"78":0.3521822393,"79":0.3516284823,"80":0.3506259918,"81":0.3487989306,"82":0.3480874896,"83":0.3478630483,"84":0.347098887,"85":0.3457919657,"86":0.3446508348,"87":0.3446133137,"88":0.3436406851,"89":0.3430952132,"90":0.3411793113,"91":0.3415527344},"accuracy":{"0":0.6344993711,"1":0.6662529707,"2":0.687128067,"3":0.6991248727,"4":0.7039209008,"5":0.7067394257,"6":0.7085123062,"7":0.7110899091,"8":0.7133128643,"9":0.7151312828,"10":0.7177042961,"11":0.7203091383,"12":0.7231185436,"13":0.7267643809,"14":0.7316604257,"15":0.7356926799,"16":0.7398386002,"17":0.7430889606,"18":0.7448482513,"19":0.746512115,"20":0.7477667928,"21":0.7480168343,"22":0.7492488027,"23":0.7501716018,"24":0.7507944107,"25":0.7514899373,"26":0.7525628209,"27":0.7533628941,"28":0.7542993426,"29":0.7558495402,"30":0.756626904,"31":0.7571542263,"32":0.7583316565,"33":0.7589680552,"34":0.7599999905,"35":0.7605319023,"36":0.7614683509,"37":0.7624775767,"38":0.7634595037,"39":0.7641868591,"40":0.7646459937,"41":0.7652051449,"42":0.766364336,"43":0.7672326565,"44":0.7686373591,"45":0.7692101598,"46":0.7708648443,"47":0.7741561532,"48":0.7810432911,"49":0.7914853692,"50":0.8050551414,"51":0.8155426979,"52":0.8224343657,"53":0.8273303509,"54":0.8319491148,"55":0.8342266083,"56":0.8372223973,"57":0.8388726115,"58":0.8414774537,"59":0.8432958126,"60":0.8456870317,"61":0.8465371132,"62":0.8484600782,"63":0.849691987,"64":0.8515058756,"65":0.8519468307,"66":0.8535287976,"67":0.854765296,"68":0.8562200069,"69":0.8568746448,"70":0.8578929305,"71":0.8589930534,"72":0.8593204021,"73":0.8601341248,"74":0.8613842726,"75":0.8614706397,"76":0.8633663058,"77":0.8645073175,"78":0.8643209338,"79":0.8651664853,"80":0.8660984039,"81":0.8673030734,"82":0.8678076863,"83":0.8678440452,"84":0.8681668639,"85":0.869326055,"86":0.8694215417,"87":0.8702261448,"88":0.8704171181,"89":0.8710853457,"90":0.8721854687,"91":0.871612668},"lr":{"0":0.0009999952,"1":0.0009999952,"2":0.0009999952,"3":0.0009999952,"4":0.0009999952,"5":0.0009999952,"6":0.0009999952,"7":0.0009999952,"8":0.0009999952,"9":0.0009999952,"10":0.0009999952,"11":0.0009999952,"12":0.0009999952,"13":0.0009999952,"14":0.0009999952,"15":0.0009999952,"16":0.0009999952,"17":0.0009999952,"18":0.0009999952,"19":0.0009999952,"20":0.0009999952,"21":0.0009999952,"22":0.0009999952,"23":0.0009999952,"24":0.0009999952,"25":0.0009999952,"26":0.0009999952,"27":0.0009999952,"28":0.0009999952,"29":0.0009999952,"30":0.0009999952,"31":0.0009999952,"32":0.0009999952,"33":0.0009999952,"34":0.0009999952,"35":0.0009999952,"36":0.0009999952,"37":0.0009999952,"38":0.0009999952,"39":0.0009999952,"40":0.0009999952,"41":0.0009999952,"42":0.0009999952,"43":0.0009999952,"44":0.0009999952,"45":0.0009999952,"46":0.0009999952,"47":0.0009999952,"48":0.0009999952,"49":0.0009999952,"50":0.0009999952,"51":0.0009999952,"52":0.0009999952,"53":0.0009999952,"54":0.0009999952,"55":0.0009999952,"56":0.0009999952,"57":0.0009999952,"58":0.0009999952,"59":0.0009999952,"60":0.0009999952,"61":0.0009999952,"62":0.0009999952,"63":0.0009999952,"64":0.0009999952,"65":0.0009999952,"66":0.0009999952,"67":0.0009999952,"68":0.0009999952,"69":0.0009999952,"70":0.0009999952,"71":0.0009999952,"72":0.0009999952,"73":0.0009999952,"74":0.0009999952,"75":0.0009999952,"76":0.0009999952,"77":0.0009999952,"78":0.0009999952,"79":0.0009999952,"80":0.0009999952,"81":0.0009999952,"82":0.0009999952,"83":0.0009999952,"84":0.0009999952,"85":0.0009999952,"86":0.0009999952,"87":0.0009999952,"88":0.0009999952,"89":0.0009999952,"90":0.0009999952,"91":0.0009999952},"val_loss":{"0":0.593239367,"1":0.5659653544,"2":0.5410773754,"3":0.5335661173,"4":0.5300876498,"5":0.527274847,"6":0.5253414512,"7":0.5223271847,"8":0.5212659836,"9":0.5189379454,"10":0.5170027018,"11":0.5153155327,"12":0.5139010549,"13":0.5112025738,"14":0.5096718669,"15":0.5064890385,"16":0.5047281384,"17":0.504379034,"18":0.5029579401,"19":0.4997413754,"20":0.4981578588,"21":0.4964781404,"22":0.4953378439,"23":0.493961215,"24":0.4926044941,"25":0.4908443093,"26":0.4887305498,"27":0.4917187393,"28":0.4866022766,"29":0.4841902852,"30":0.4840768278,"31":0.4815355837,"32":0.4825744033,"33":0.479023248,"34":0.4780812562,"35":0.4773394763,"36":0.4751029015,"37":0.4749940932,"38":0.473656714,"39":0.4722120166,"40":0.4734869599,"41":0.4701133966,"42":0.469293952,"43":0.4664058089,"44":0.4649390876,"45":0.461476475,"46":0.4571350515,"47":0.4541298151,"48":0.4421360791,"49":0.4382026196,"50":0.423895061,"51":0.4115873277,"52":0.406886965,"53":0.4008280635,"54":0.3971472979,"55":0.3924553394,"56":0.3900601566,"57":0.3877857625,"58":0.3836746812,"59":0.3844666779,"60":0.3810020685,"61":0.3772768676,"62":0.3806376457,"63":0.3982687891,"64":0.3719177246,"65":0.3888837099,"66":0.375798732,"67":0.3685158789,"68":0.3644001186,"69":0.3709664643,"70":0.3626107872,"71":0.366792202,"72":0.3630462289,"73":0.3559997678,"74":0.3562893569,"75":0.362033397,"76":0.3737690449,"77":0.3689988852,"78":0.3511117399,"79":0.349586606,"80":0.3514656425,"81":0.347399801,"82":0.3469554186,"83":0.347102344,"84":0.3456774354,"85":0.3467153609,"86":0.3488517404,"87":0.343452841,"88":0.3530217111,"89":0.3414295316,"90":0.3551560342,"91":0.3569255471},"val_accuracy":{"0":0.6493237615,"1":0.6750516891,"2":0.6926491857,"3":0.7033413053,"4":0.7086714506,"5":0.7070326209,"6":0.7070803642,"7":0.7136515379,"8":0.7156722546,"9":0.7153221965,"10":0.7191567421,"11":0.7249801159,"12":0.7261098027,"13":0.7309467196,"14":0.7324104905,"15":0.7385839224,"16":0.7418615818,"17":0.7435799241,"18":0.7462847829,"19":0.7476849556,"20":0.7499125004,"21":0.7482418418,"22":0.7505966425,"23":0.750485301,"24":0.7529037595,"25":0.7524423003,"26":0.7533174157,"27":0.7523309588,"28":0.7571837902,"29":0.7587589622,"30":0.7581225038,"31":0.7596817613,"32":0.7574383616,"33":0.7607159615,"34":0.7620207071,"35":0.7613046765,"36":0.7630549073,"37":0.7636436224,"38":0.7636913061,"39":0.7658074498,"40":0.765171051,"41":0.767462194,"42":0.7672712803,"43":0.7700397968,"44":0.7707080245,"45":0.7704216242,"46":0.772505939,"47":0.7791249156,"48":0.7836436033,"49":0.8021161556,"50":0.8023388982,"51":0.8171678782,"52":0.8208114505,"53":0.833937943,"54":0.8301511407,"55":0.8339538574,"56":0.8409228325,"57":0.8402863741,"58":0.8444868922,"59":0.8390453458,"60":0.8468576074,"61":0.8490533233,"62":0.8494988084,"63":0.8314399123,"64":0.8548926115,"65":0.839459002,"66":0.8522514105,"67":0.8594431281,"68":0.8529196382,"69":0.8480827212,"70":0.8587112427,"71":0.8502784371,"72":0.8617501855,"73":0.8634367585,"74":0.8631185293,"75":0.8635799289,"76":0.8470326066,"77":0.8493714929,