{"loss":{"0":0.6246037483,"1":0.5691126585,"2":0.5493032336,"3":0.5275455117,"4":0.5119442344,"5":0.4988381267,"6":0.4889249802,"7":0.481528312,"8":0.4745407999,"9":0.468416661,"10":0.4619941413,"11":0.4551716745,"12":0.4485025704,"13":0.442579478,"14":0.4374327958,"15":0.4332231283,"16":0.429038018,"17":0.4249585271,"18":0.4220173359,"19":0.4190967083,"20":0.4156324565,"21":0.4134345055,"22":0.4105807245,"23":0.4079789817,"24":0.4056733251,"25":0.403948307,"26":0.4021335244,"27":0.3994136751,"28":0.3975735307,"29":0.3956207335,"30":0.3933109641,"31":0.3914266527,"32":0.3894008994,"33":0.3876049817,"34":0.3854765594,"35":0.3826592863,"36":0.3804405332,"37":0.3778048754,"38":0.3741885126,"39":0.3715334237,"40":0.3682374656,"41":0.365442723,"42":0.3614294231,"43":0.3592197299,"44":0.3553821743,"45":0.3523391783,"46":0.3491244614,"47":0.3463612795,"48":0.3440668583,"49":0.3416437209,"50":0.3379789293,"51":0.3365024328,"52":0.3343825936,"53":0.3316104114,"54":0.3297223747,"55":0.3278914094,"56":0.3265460134,"57":0.3247212172,"58":0.3224648833,"59":0.320974946,"60":0.3191326857,"61":0.3176067173,"62":0.3170699477,"63":0.3157370389,"64":0.3144977093,"65":0.31165272,"66":0.3111182451,"67":0.3099920154,"68":0.3087556362,"69":0.3072809279,"70":0.3056943715,"71":0.305107832,"72":0.302936554,"73":0.3024285734,"74":0.2998149395,"75":0.2997522354,"76":0.2981503308,"77":0.296805203,"78":0.2959887981,"79":0.294375509,"80":0.2920462787,"81":0.2915141582,"82":0.2889727056,"83":0.2879528701,"84":0.2873368263,"85":0.2861576378,"86":0.2841740251,"87":0.2824459076,"88":0.2809213102,"89":0.2789437175,"90":0.2774378359,"91":0.2760751545,"92":0.2735218704,"93":0.2726124823,"94":0.2698723972,"95":0.2679900825,"96":0.2662189305,"97":0.2647849321,"98":0.262571156,"99":0.2602935433},"accuracy":{"0":0.6476463079,"1":0.6881781816,"2":0.7010160089,"3":0.7241277695,"4":0.7474076748,"5":0.7662097812,"6":0.7769610286,"7":0.7822070718,"8":0.7870303392,"9":0.7899852395,"10":0.7933810949,"11":0.7968769073,"12":0.8009046316,"13":0.8037140369,"14":0.8064234853,"15":0.808164537,"16":0.8107103109,"17":0.8124832511,"18":0.8137788177,"19":0.8158381581,"20":0.817802012,"21":0.8188839555,"22":0.8197113276,"23":0.82141155,"24":0.8225570917,"25":0.8223479986,"26":0.8232344389,"27":0.8255620003,"28":0.8264802694,"29":0.827439487,"30":0.8282850385,"31":0.8299716115,"32":0.8313717246,"33":0.8321718574,"34":0.8338856697,"35":0.8360586166,"36":0.8371223807,"37":0.8390453458,"38":0.8417138457,"39":0.8434913158,"40":0.8456460834,"41":0.8472235203,"42":0.850073874,"43":0.851028502,"44":0.8538333774,"45":0.8559017777,"46":0.8573792577,"47":0.8593931198,"48":0.8607023358,"49":0.8622252345,"50":0.8645936847,"51":0.8654028773,"52":0.8668621182,"53":0.8690260053,"54":0.8697715402,"55":0.8716172576,"56":0.8720354438,"57":0.8727309704,"58":0.8746857643,"59":0.8752585649,"60":0.8765177727,"61":0.8760040998,"62":0.877276957,"63":0.8783225417,"64":0.878849864,"65":0.8806000948,"66":0.880422771,"67":0.8809864521,"68":0.8816183805,"69":0.8822411895,"70":0.8836776614,"71":0.8841868639,"72":0.8846778274,"73":0.8848778009,"74":0.8865325451,"75":0.8872962594,"76":0.8878372312,"77":0.8885555267,"78":0.8889783025,"79":0.8894329071,"80":0.8909376264,"81":0.8914785981,"82":0.8922150135,"83":0.8930878639,"84":0.8938424587,"85":0.8943016529,"86":0.8952017426,"87":0.8960927129,"88":0.8968564868,"89":0.8984111547,"90":0.8989157677,"91":0.8994522095,"92":0.9008660316,"93":0.9009023905,"94":0.9023571014,"95":0.903179884,"96":0.9038208723,"97":0.9048391581,"98":0.9051301479,"99":0.9064984918},"lr":{"0":0.0009999952,"1":0.0009999952,"2":0.0009999952,"3":0.0009999952,"4":0.0009999952,"5":0.0009999952,"6":0.0009999952,"7":0.0009999952,"8":0.0009999952,"9":0.0009999952,"10":0.0009999952,"11":0.0009999952,"12":0.0009999952,"13":0.0009999952,"14":0.0009999952,"15":0.0009999952,"16":0.0009999952,"17":0.0009999952,"18":0.0009999952,"19":0.0009999952,"20":0.0009999952,"21":0.0009999952,"22":0.0009999952,"23":0.0009999952,"24":0.0009999952,"25":0.0009999952,"26":0.0009999952,"27":0.0009999952,"28":0.0009999952,"29":0.0009999952,"30":0.0009999952,"31":0.0009999952,"32":0.0009999952,"33":0.0009999952,"34":0.0009999952,"35":0.0009999952,"36":0.0009999952,"37":0.0009999952,"38":0.0009999952,"39":0.0009999952,"40":0.0009999952,"41":0.0009999952,"42":0.0009999952,"43":0.0009999952,"44":0.0009999952,"45":0.0009999952,"46":0.0009999952,"47":0.0009999952,"48":0.0009999952,"49":0.0009999952,"50":0.0009999952,"51":0.0009999952,"52":0.0009999952,"53":0.0009999952,"54":0.0009999952,"55":0.0009999952,"56":0.0009999952,"57":0.0009999952,"58":0.0009999952,"59":0.0009999952,"60":0.0009999952,"61":0.0009999952,"62":0.0009999952,"63":0.0009999952,"64":0.0009999952,"65":0.0009999952,"66":0.0009999952,"67":0.0009999952,"68":0.0009999952,"69":0.0009999952,"70":0.0009999952,"71":0.0009999952,"72":0.0009999952,"73":0.0009999952,"74":0.0009999952,"75":0.0009999952,"76":0.0009999952,"77":0.0009999952,"78":0.0009999952,"79":0.0009999952,"80":0.0009999952,"81":0.0009999952,"82":0.0009999952,"83":0.0009999952,"84":0.0009999952,"85":0.0009999952,"86":0.0009999952,"87":0.0009999952,"88":0.0009999952,"89":0.0009999952,"90":0.0009999952,"91":0.0009999952,"92":0.0009999952,"93":0.0009999952,"94":0.0009999952,"95":0.0009999952,"96":0.0009999952,"97":0.0009999952,"98":0.0009999952,"99":0.0009999952},"val_loss":{"0":0.5781611204,"1":0.5605319142,"2":0.5384998918,"3":0.5200698972,"4":0.5036720634,"5":0.4917359352,"6":0.4837383628,"7":0.4791345894,"8":0.4697591066,"9":0.4630917609,"10":0.4549816251,"11":0.4477497637,"12":0.4419385791,"13":0.4432114959,"14":0.4318116307,"15":0.42927894,"16":0.4323895276,"17":0.4247438312,"18":0.4167627096,"19":0.4221942425,"20":0.4110420048,"21":0.4079834223,"22":0.4067884088,"23":0.4050343633,"24":0.4024920166,"25":0.4060021937,"26":0.3976672292,"27":0.4007929265,"28":0.394522965,"29":0.3927872479,"30":0.3993428946,"31":0.3916530013,"32":0.3852646053,"33":0.3878742754,"34":0.3815161586,"35":0.3833860159,"36":0.3763489723,"37":0.3801898062,"38":0.3753445446,"39":0.3691110909,"40":0.3683970571,"41":0.3682299554,"42":0.3580175042,"43":0.3548678756,"44":0.3509800136,"45":0.347524941,"46":0.3477396071,"47":0.3414805532,"48":0.3404209018,"49":0.34965837,"50":0.3494377136,"51":0.3338375688,"52":0.3309197724,"53":0.3294912279,"54":0.325835377,"55":0.3291047513,"56":0.3245772719,"57":0.3196659684,"58":0.3201923966,"59":0.3293934762,"60":0.3158882558,"61":0.3220734298,"62":0.3158764243,"63":0.3149575889,"64":0.3160195053,"65":0.3115039766,"66":0.3195787966,"67":0.308255285,"68":0.3043024242,"69":0.30197227,"70":0.3007232547,"71":0.3030569553,"72":0.2978494167,"73":0.2973954678,"74":0.3065763116,"75":0.2945172489,"76":0.2974154651,"77":0.2942579985,"78":0.3092756569,"79":0.3166475594,"80":0.2987834811,"81":0.2935467958,"82":0.2839972377,"83":0.2931912839,"84":0.2832342684,"85":0.2833445966,"86":0.2817649245,"87":0.2783040702,"88":0.292237401,"89":0.2762988806,"90":0.2719175518,"91":0.2697961926,"92":0.2813365459,"93":0.2695756853,"94":0.2661681175,"95":0.265422523,"96":0.2612000406,"97":0.2661641538,"98":0.2676444352,"99":0.2592523992},"val_accuracy":{"0":0.6885441542,"1":0.6847573519,"2":0.7074145079,"3":0.7315512896,"4":0.7557836175,"5":0.775767684,"6":0.7822275162,"7":0.7835322022,"8":0.7898488641,"9":0.7964359522,"10":0.798902154,"11":0.8026252985,"12":0.8056165576,"13":0.8026412129,"14":0.8099602461,"15":0.8126173615,"16":0.8067939281,"17":0.8130946755,"18":0.8177247643,"19":0.8105807304,"20":0.824057281,"21":0.8222434521,"22":0.8241686821,"23":0.8252347112,"24":0.823579967,"25":0.8212887645,"26":0.8268734813,"27":0.824057281,"28":0.8307080269,"29":0.8273349404,"30":0.8247255087,"31":0.8295306563,"32":0.8332378864,"33":0.8306284547,"34":0.8376610875,"35":0.8339538574,"36":0.8407319188,"37":0.8368018866,"38":0.8417979479,"39":0.8453460336,"40":0.8451551199,"41":0.8442323208,"42":0.8522832394,"43":0.8552108407,"44":0.8560063839,"45":0.8584566712,