{"loss":{"0":0.6343321204,"1":0.5810394883,"2":0.5686059594,"3":0.5509438515,"4":0.5393968225,"5":0.5318735242,"6":0.5264501572,"7":0.5221201181,"8":0.5183908939,"9":0.5139411688,"10":0.5085168481,"11":0.5016325712,"12":0.4936207235,"13":0.4857591689,"14":0.4788481295,"15":0.4740888178,"16":0.469641149,"17":0.4661930799,"18":0.4627213776,"19":0.4590672255,"20":0.4560491741,"21":0.4535349309,"22":0.4514414966,"23":0.449451685,"24":0.4476794899,"25":0.4458845854,"26":0.4445121884,"27":0.4423221052,"28":0.4414884448,"29":0.4391289353,"30":0.4375066459,"31":0.4362450242,"32":0.434086889,"33":0.4323053658,"34":0.4305523932,"35":0.4288554788,"36":0.4274159968,"37":0.4255081415,"38":0.4241524041,"39":0.4223912954,"40":0.4212192893,"41":0.419498384,"42":0.4173228741,"43":0.4162363708,"44":0.4143776596,"45":0.4126992524,"46":0.411835283,"47":0.4099808931,"48":0.4084474146,"49":0.4071800709,"50":0.4055448472,"51":0.4043376744,"52":0.4030363858,"53":0.4016037285,"54":0.3997769356,"55":0.3984600902,"56":0.3973746896,"57":0.3958933651,"58":0.395780623,"59":0.3942177296,"60":0.3929656148,"61":0.391784519,"62":0.3902944922,"63":0.3895502985,"64":0.3879097104,"65":0.3868796229,"66":0.3855360448,"67":0.3844181597,"68":0.3824909925,"69":0.3810626566,"70":0.3800413609,"71":0.3785700202,"72":0.3774429858,"73":0.3759374619,"74":0.3749403059,"75":0.3741653562,"76":0.3727234602,"77":0.3719373047,"78":0.3705729246,"79":0.3698353469,"80":0.3688137233,"81":0.3680933416,"82":0.3663905561,"83":0.3659879267,"84":0.3645485044,"85":0.363874495,"86":0.3624579608,"87":0.3617132306,"88":0.3603218198,"89":0.3596297503,"90":0.358302623,"91":0.3573704064,"92":0.3569444716,"93":0.3558056653,"94":0.3540962636,"95":0.3535081148,"96":0.3529965878,"97":0.3519904017,"98":0.3510957062,"99":0.3501524329},"accuracy":{"0":0.6251892447,"1":0.6644664407,"2":0.671703577,"3":0.6895146966,"4":0.7022979856,"5":0.7123627663,"6":0.7199090719,"7":0.7259597778,"8":0.7303920984,"9":0.7349653244,"10":0.7415024638,"11":0.7485714555,"12":0.7571133375,"13":0.7658006549,"14":0.7714922428,"15":0.7756290436,"16":0.7780429721,"17":0.7797294855,"18":0.7821161747,"19":0.7839845419,"20":0.7849482894,"21":0.7869894505,"22":0.7876804471,"23":0.7885895967,"24":0.7896670103,"25":0.7906671166,"26":0.7911717296,"27":0.7927446365,"28":0.7937447429,"29":0.7952085733,"30":0.7963268757,"31":0.7967132926,"32":0.7983543873,"33":0.799113512,"34":0.8005000353,"35":0.8022457361,"36":0.8034867644,"37":0.8051960468,"38":0.8063325286,"39":0.8076145053,"40":0.8089555502,"41":0.809873879,"42":0.8114922047,"43":0.8124150634,"44":0.813828826,"45":0.8153198957,"46":0.8160427213,"47":0.8174020052,"48":0.8191021681,"49":0.8206977844,"50":0.8212705851,"51":0.8225934505,"52":0.8242845535,"53":0.8260166049,"54":0.8268758059,"55":0.8281441331,"56":0.829012394,"57":0.829844296,"58":0.8302625418,"59":0.8316127062,"60":0.8325218558,"61":0.8328537345,"62":0.8339902163,"63":0.8343357444,"64":0.8354085684,"65":0.8365086913,"66":0.83684057,"67":0.8372042179,"68":0.8387771249,"69":0.8393180966,"70":0.8405818939,"71":0.8416410685,"72":0.842600286,"73":0.8436867595,"74":0.8436367512,"75":0.8447505236,"76":0.8458870053,"77":0.8462007046,"78":0.8474144936,"79":0.8472962976,"80":0.8485873342,"81":0.849096477,"82":0.8499283791,"83":0.8506421447,"84":0.8516831398,"85":0.8517286181,"86":0.8532423973,"87":0.8537515402,"88":0.8545970917,"89":0.8546607494,"90":0.8552744389,"91":0.8566564322,"92":0.8571837544,"93":0.8579338789,"94":0.8588930368,"95":0.8594385982,"96":0.8598613739,"97":0.8600249887,"98":0.8611796498,"99":0.861525178},"lr":{"0":0.0009999952,"1":0.0009999952,"2":0.0009999952,"3":0.0009999952,"4":0.0009999952,"5":0.0009999952,"6":0.0009999952,"7":0.0009999952,"8":0.0009999952,"9":0.0009999952,"10":0.0009999952,"11":0.0009999952,"12":0.0009999952,"13":0.0009999952,"14":0.0009999952,"15":0.0009999952,"16":0.0009999952,"17":0.0009999952,"18":0.0009999952,"19":0.0009999952,"20":0.0009999952,"21":0.0009999952,"22":0.0009999952,"23":0.0009999952,"24":0.0009999952,"25":0.0009999952,"26":0.0009999952,"27":0.0009999952,"28":0.0009999952,"29":0.0009999952,"30":0.0009999952,"31":0.0009999952,"32":0.0009999952,"33":0.0009999952,"34":0.0009999952,"35":0.0009999952,"36":0.0009999952,"37":0.0009999952,"38":0.0009999952,"39":0.0009999952,"40":0.0009999952,"41":0.0009999952,"42":0.0009999952,"43":0.0009999952,"44":0.0009999952,"45":0.0009999952,"46":0.0009999952,"47":0.0009999952,"48":0.0009999952,"49":0.0009999952,"50":0.0009999952,"51":0.0009999952,"52":0.0009999952,"53":0.0009999952,"54":0.0009999952,"55":0.0009999952,"56":0.0009999952,"57":0.0009999952,"58":0.0009999952,"59":0.0009999952,"60":0.0009999952,"61":0.0009999952,"62":0.0009999952,"63":0.0009999952,"64":0.0009999952,"65":0.0009999952,"66":0.0009999952,"67":0.0009999952,"68":0.0009999952,"69":0.0009999952,"70":0.0009999952,"71":0.0009999952,"72":0.0009999952,"73":0.0009999952,"74":0.0009999952,"75":0.0009999952,"76":0.0009999952,"77":0.0009999952,"78":0.0009999952,"79":0.0009999952,"80":0.0009999952,"81":0.0009999952,"82":0.0009999952,"83":0.0009999952,"84":0.0009999952,"85":0.0009999952,"86":0.0009999952,"87":0.0009999952,"88":0.0009999952,"89":0.0009999952,"90":0.0009999952,"91":0.0009999952,"92":0.0009999952,"93":0.0009999952,"94":0.0009999952,"95":0.0009999952,"96":0.0009999952,"97":0.0009999952,"98":0.0009999952,"99":0.0009999952},"val_loss":{"0":0.5890417695,"1":0.5764007568,"2":0.5599980354,"3":0.5426741242,"4":0.5362567902,"5":0.5274555683,"6":0.5229996443,"7":0.5191663504,"8":0.5146548152,"9":0.5117140412,"10":0.5037305951,"11":0.4958120584,"12":0.4869046211,"13":0.4787298441,"14":0.4738947153,"15":0.4716941118,"16":0.4686954618,"17":0.4617965221,"18":0.4579898417,"19":0.4555419087,"20":0.4642721415,"21":0.4500325918,"22":0.4500994682,"23":0.4519301653,"24":0.4442415535,"25":0.4426182806,"26":0.4410402775,"27":0.4422457218,"28":0.4375962615,"29":0.4363133013,"30":0.4353914559,"31":0.4328780174,"32":0.4315754473,"33":0.4321134984,"34":0.4279966354,"35":0.4290733039,"36":0.4262124598,"37":0.4236446023,"38":0.4229821265,"39":0.4210402071,"40":0.4203739464,"41":0.4164488614,"42":0.4191889465,"43":0.4128337502,"44":0.4116793275,"45":0.4150615633,"46":0.412301302,"47":0.4158921242,"48":0.4058071673,"49":0.405082643,"50":0.405487746,"51":0.4027432799,"52":0.402143985,"53":0.3987135887,"54":0.3987889886,"55":0.3982959986,"56":0.3993308544,"57":0.4037557244,"58":0.3934901059,"59":0.392010957,"60":0.3909298182,"61":0.3891976178,"62":0.3891037405,"63":0.3868167102,"64":0.3933348656,"65":0.3838249743,"66":0.3845669329,"67":0.3876002729,"68":0.3867004216,"69":0.3825567365,"70":0.3814647496,"71":0.3823046088,"72":0.3742051721,"73":0.3745170236,"74":0.3775214255,"75":0.3771419525,"76":0.3707879186,"77":0.371340543,"78":0.3680365384,"79":0.3673780262,"80":0.3750338554,"81":0.3656535149,"82":0.3654559553,"83":0.3691453338,"84":0.363253355,"85":0.3651296198,"86":0.359412998,"87":0.3656802177,"88":0.370241046,"89":0.356600374,"90":0.3618929982,"91":0.3598840833,"92":0.3576297462,"93":0.3519104123,"94":0.361386776,"95":0.3512629271,"96":0.3641432524,"97":0.3493852913,"98":0.3559300005,"99":0.349655956},"val_accuracy":{"0":0.6745902896,"1":0.6693874598,"2":0.6753699183,"3":0.697740674,"4":0.7007001042,"5":0.7160699964,"6":0.7254574299,"7":0.7292124033,"8":0.7330310345,"9":0.7337151766,"10":0.7445186973,"11":0.7562291026,"12":0.7588862181,"13":0.7689260244,"14":0.7718217969,"15":0.7682577372,"16":0.7734447122,"17":0.7839618325,"18":0.7816865444,"19":0.787573576,"20":0.7823548317,"21":0.7887191772,"22":0.7913922071,"23":0.7933015227,"24":0.792617321,"25":0.7891010046,"26":0.7915831208,"27":0.7890055776,"28":0.7952426672,"29":0.7981702685,"30":0.7998726964,"31":0.7949562669,"32":0.7974224091,"33":0.8014160991,"34":0.8014478683,"35":0.7965473533,"36":0.7994590402,"37":0.8095465302,"38":0.8091806173,"39":0.811296761,"40":0.8042482138,"41":0.8128878474,"42":0.8158791065,"43":0.8155290484,"44":0.8186953068,