{"loss":{"0":0.6495607495,"1":0.580440402,"2":0.5546471477,"3":0.5373694301,"4":0.528988421,"5":0.5230763555,"6":0.5169855356,"7":0.510645926,"8":0.5019235015,"9":0.4928433895,"10":0.4862776101,"11":0.4821008146,"12":0.4788932204,"13":0.4765787423,"14":0.4743399918,"15":0.472402513,"16":0.4701940119,"17":0.4677977562,"18":0.4653498232,"19":0.4628358781,"20":0.4602770507,"21":0.4578610063,"22":0.4553483725,"23":0.4534178972,"24":0.4513675272,"25":0.4495085776,"26":0.4474208951,"27":0.4456044137,"28":0.4435408711,"29":0.4420134425,"30":0.439925015,"31":0.4379185438,"32":0.4358290136,"33":0.4335492253,"34":0.4306511879,"35":0.4278677702,"36":0.4241347313,"37":0.4201909602,"38":0.4159498215,"39":0.41098243,"40":0.4065680802,"41":0.4019462466,"42":0.3980410397,"43":0.393560499,"44":0.3890846372,"45":0.3847579062,"46":0.3799321949,"47":0.3755638897,"48":0.3716475368,"49":0.3677803874,"50":0.3633176982,"51":0.3590287864,"52":0.3536046147,"53":0.3476526439,"54":0.3417596221,"55":0.3329109251,"56":0.3208899498,"57":0.3019466698,"58":0.2803599238,"59":0.2641381919,"60":0.251093924,"61":0.2396622598,"62":0.2290502489,"63":0.2204271257,"64":0.2124551237,"65":0.2053707242,"66":0.1988595128,"67":0.193055585,"68":0.1873452067,"69":0.1827051491,"70":0.1783264279,"71":0.1739240587,"72":0.1705879271,"73":0.1669980139,"74":0.1636263877,"75":0.1607345641,"76":0.1572758257,"77":0.1546821147,"78":0.1517158598,"79":0.150288552,"80":0.1473088413,"81":0.1453002542,"82":0.1433342248,"83":0.1417014599,"84":0.1402098835,"85":0.138074562,"86":0.1366206706,"87":0.1364365816,"88":0.1341864914,"89":0.1329167336,"90":0.1316888183,"91":0.1315678507,"92":0.1297936589,"93":0.1288509816,"94":0.1277454048,"95":0.1277592778},"accuracy":{"0":0.6002864242,"1":0.6705352664,"2":0.6868416667,"3":0.697742939,"4":0.7049164772,"5":0.7157222629,"6":0.7261734009,"7":0.7379156947,"8":0.7573769689,"9":0.775642693,"10":0.7853528857,"11":0.7910080552,"12":0.7937674522,"13":0.7958040833,"14":0.7976679206,"15":0.7989771366,"16":0.800450027,"17":0.8020957112,"18":0.8027775884,"19":0.8039186001,"20":0.8051869273,"21":0.806709826,"22":0.8080009222,"23":0.8091237545,"24":0.8105421066,"25":0.8114603758,"26":0.8134606481,"27":0.8144971132,"28":0.8164246082,"29":0.8177747726,"30":0.8188294172,"31":0.8210205436,"32":0.8220843077,"33":0.8232935667,"34":0.8261984587,"35":0.8278940916,"36":0.8303125501,"37":0.8328946233,"38":0.8355131149,"39":0.8375406265,"40":0.8402500153,"41":0.8432367444,"42":0.845500648,"43":0.8484464288,"44":0.8509921432,"45":0.853310585,"46":0.8565973639,"47":0.8591794372,"48":0.8623343706,"49":0.8645618558,"50":0.8679486513,"51":0.8702034354,"52":0.8732037544,"53":0.8765450716,"54":0.879113555,"55":0.8833367229,"56":0.8882827759,"57":0.895701766,"58":0.9035799503,"59":0.9101988673,"60":0.9152403474,"61":0.9192180634,"62":0.9230321646,"63":0.9261325002,"64":0.9289055467,"65":0.931233108,"66":0.9333378673,"67":0.9358927011,"68":0.9375792742,"69":0.9395158291,"70":0.9411751628,"71":0.943039,"72":0.9444073439,"73":0.9456529021,"74":0.9468485117,"75":0.94808954,"76":0.9490942359,"77":0.9503170848,"78":0.9514217377,"79":0.9520718455,"80":0.9529764652,"81":0.9538629651,"82":0.9545584917,"83":0.9549266696,"84":0.9556358457,"85":0.9564359784,"86":0.9571223855,"87":0.9574497342,"88":0.9580724835,"89":0.9584543705,"90":0.9590226412,"91":0.9588134885,"92":0.9594954252,"93":0.9603455067,"94":0.9603500366,"95":0.9606182575},"lr":{"0":0.0009999952,"1":0.0009999952,"2":0.0009999952,"3":0.0009999952,"4":0.0009999952,"5":0.0009999952,"6":0.0009999952,"7":0.0009999952,"8":0.0009999952,"9":0.0009999952,"10":0.0009999952,"11":0.0009999952,"12":0.0009999952,"13":0.0009999952,"14":0.0009999952,"15":0.0009999952,"16":0.0009999952,"17":0.0009999952,"18":0.0009999952,"19":0.0009999952,"20":0.0009999952,"21":0.0009999952,"22":0.0009999952,"23":0.0009999952,"24":0.0009999952,"25":0.0009999952,"26":0.0009999952,"27":0.0009999952,"28":0.0009999952,"29":0.0009999952,"30":0.0009999952,"31":0.0009999952,"32":0.0009999952,"33":0.0009999952,"34":0.0009999952,"35":0.0009999952,"36":0.0009999952,"37":0.0009999952,"38":0.0009999952,"39":0.0009999952,"40":0.0009999952,"41":0.0009999952,"42":0.0009999952,"43":0.0009999952,"44":0.0009999952,"45":0.0009999952,"46":0.0009999952,"47":0.0009999952,"48":0.0009999952,"49":0.0009999952,"50":0.0009999952,"51":0.0009999952,"52":0.0009999952,"53":0.0009999952,"54":0.0009999952,"55":0.0009999952,"56":0.0009999952,"57":0.0009999952,"58":0.0009999952,"59":0.0009999952,"60":0.0009999952,"61":0.0009999952,"62":0.0009999952,"63":0.0009999952,"64":0.0009999952,"65":0.0009999952,"66":0.0009999952,"67":0.0009999952,"68":0.0009999952,"69":0.0009999952,"70":0.0009999952,"71":0.0009999952,"72":0.0009999952,"73":0.0009999952,"74":0.0009999952,"75":0.0009999952,"76":0.0009999952,"77":0.0009999952,"78":0.0009999952,"79":0.0009999952,"80":0.0009999952,"81":0.0009999952,"82":0.0009999952,"83":0.0009999952,"84":0.0009999952,"85":0.0009999952,"86":0.0009999952,"87":0.0009999952,"88":0.0009999952,"89":0.0009999952,"90":0.0009999952,"91":0.0009999952,"92":0.0009999952,"93":0.0009999952,"94":0.0009999952,"95":0.0009999952},"val_loss":{"0":0.59305197,"1":0.5682580471,"2":0.5425560474,"3":0.5313760638,"4":0.5257243514,"5":0.5192335844,"6":0.5135965943,"7":0.504717648,"8":0.4965206981,"9":0.486048162,"10":0.4814247191,"11":0.4775283933,"12":0.4784703851,"13":0.4759379625,"14":0.4719890058,"15":0.4702652693,"16":0.4677015841,"17":0.466800034,"18":0.4628574848,"19":0.4609672427,"20":0.4569885135,"21":0.4555630088,"22":0.4543478489,"23":0.4522419572,"24":0.4542361498,"25":0.4494611025,"26":0.4461354613,"27":0.4431204796,"28":0.4403740764,"29":0.4401595891,"30":0.445047915,"31":0.4384468794,"32":0.437014699,"33":0.4298278689,"34":0.4320021868,"35":0.4237065613,"36":0.4197609723,"37":0.4161076248,"38":0.41839239,"39":0.4064482152,"40":0.4128419161,"41":0.4024157524,"42":0.4018007517,"43":0.3894468546,"44":0.3857821226,"45":0.3840796351,"46":0.3765266836,"47":0.375074327,"48":0.3686902225,"49":0.3697109222,"50":0.3607903719,"51":0.3572658598,"52":0.3513949513,"53":0.3498509824,"54":0.3370974958,"55":0.3307752013,"56":0.3160388172,"57":0.289313823,"58":0.2703767419,"59":0.2605132461,"60":0.2443279475,"61":0.235089004,"62":0.2265960723,"63":0.2155050933,"64":0.2137219608,"65":0.2060042918,"66":0.2044337243,"67":0.1894618422,"68":0.1862883419,"69":0.1808924526,"70":0.1761841774,"71":0.1725746691,"72":0.1676526964,"73":0.1656922996,"74":0.1624577343,"75":0.1576649547,"76":0.1572075039,"77":0.1513678879,"78":0.1532256603,"79":0.1484157145,"80":0.1465788931,"81":0.1427044421,"82":0.1485754251,"83":0.1416092515,"84":0.1383916587,"85":0.140543133,"86":0.1395297796,"87":0.1346612722,"88":0.1319033504,"89":0.1344972253,"90":0.1289286017,"91":0.1374261975,"92":0.1296266615,"93":0.1314630508,"94":0.1279345751,"95":0.1241452396},"val_accuracy":{"0":0.6622752547,"1":0.6759745479,"2":0.6937470436,"3":0.699554503,"4":0.7124900818,"5":0.7261098027,"6":0.7311217189,"7":0.7453301549,"8":0.7735083699,"9":0.7841209173,"10":0.7941766381,"11":0.7926809788,"12":0.7949721813,"13":0.7906125784,"14":0.7988862395,"15":0.8004932404,"16":0.7999363542,"17":0.798520267,"18":0.8051233292,"19":0.8047414422,"20":0.8084327579,"21":0.8067780137,"22":0.8064121008,"23":0.8075894713,"24":0.805998385,"25":0.8073985577,"26":0.8121399879,"27":0.8177883625,"28":0.8187271357,"29":0.8185043931,"30":0.8089578152,"31":0.8194749355,"32":0.8240731955,"33":0.8291010261,"34":0.8195704222,"35":0.8308989406,"36":0.8338742852,"37":0.8396977186,"38":0.8260461688,"39":0.8449801207,"40":0.8289419413,"41":0.8364518881,"42":0.8387271166,"43":0.8514399529,"44":0.850071609,"45":0.8511376381,"46":0.8552585244,"47":0.8568655252,"48":0.862116158,"49":0.8706762195,"50":0.8749880791,"51":0.8685759902,"52":0.8792840242,"53":0.8692760468,"54":0.8828003407,"55":0.8795226812,"56":0.8956404328,"57":0.9023866057,"58":0.9055210948,"59":0.9122354984,"60":0.9195227027,"61":0.9214160442,