{"loss":{"0":0.6605151296,"1":0.5870308876,"2":0.5739616156,"3":0.5564349294,"4":0.535784483,"5":0.523124218,"6":0.5106937289,"7":0.4924889803,"8":0.4780585766,"9":0.4659482241,"10":0.4562767148,"11":0.4482522309,"12":0.4407048523,"13":0.4356845617,"14":0.4299980104,"15":0.426319778,"16":0.4221540391,"17":0.418271184,"18":0.4150297344,"19":0.4120859504,"20":0.4088881612,"21":0.4062597454,"22":0.403447032,"23":0.400788784,"24":0.3987333775,"25":0.3958051205,"26":0.3942171335,"27":0.391553998,"28":0.3890330791,"29":0.3877249658,"30":0.3856720626,"31":0.3840522468,"32":0.3813539147,"33":0.3803493381,"34":0.3790344,"35":0.377428174,"36":0.3754740655,"37":0.3747498691,"38":0.3727658093,"39":0.3712783456,"40":0.3703553379,"41":0.3686620593,"42":0.3676922321,"43":0.3665407002,"44":0.3654108644,"45":0.3640016019,"46":0.3626337647,"47":0.3614711165,"48":0.3615937829},"accuracy":{"0":0.6069917083,"1":0.6637026668,"2":0.6691033244,"3":0.6807637215,"4":0.7032844424,"5":0.7198635936,"6":0.7380702496,"7":0.7642550468,"8":0.7806478143,"9":0.790212512,"10":0.7966041565,"11":0.8034231067,"12":0.8100011349,"13":0.8138061166,"14":0.8187430501,"15":0.8217115402,"16":0.8258120418,"17":0.8282623291,"18":0.8300033808,"19":0.8323218822,"20":0.8340675235,"21":0.8363131881,"22":0.8373906016,"23":0.8389953375,"24":0.8403000236,"25":0.8414865136,"26":0.842359364,"27":0.8436776996,"28":0.8449505568,"29":0.8453369737,"30":0.8463007212,"31":0.846459806,"32":0.8481100202,"33":0.8485782743,"34":0.8490737677,"35":0.8497601748,"36":0.8506466746,"37":0.8512694836,"38":0.8518968225,"39":0.8522332311,"40":0.8529378176,"41":0.8535060883,"42":0.8547062278,"43":0.8549653292,"44":0.8549880385,"45":0.8556426764,"46":0.8566655517,"47":0.8570564985,"48":0.8570792079},"lr":{"0":0.0009999952,"1":0.0009999952,"2":0.0009999952,"3":0.0009999952,"4":0.0009999952,"5":0.0009999952,"6":0.0009999952,"7":0.0009999952,"8":0.0009999952,"9":0.0009999952,"10":0.0009999952,"11":0.0009999952,"12":0.0009999952,"13":0.0009999952,"14":0.0009999952,"15":0.0009999952,"16":0.0009999952,"17":0.0009999952,"18":0.0009999952,"19":0.0009999952,"20":0.0009999952,"21":0.0009999952,"22":0.0009999952,"23":0.0009999952,"24":0.0009999952,"25":0.0009999952,"26":0.0009999952,"27":0.0009999952,"28":0.0009999952,"29":0.0009999952,"30":0.0009999952,"31":0.0009999952,"32":0.0009999952,"33":0.0009999952,"34":0.0009999952,"35":0.0009999952,"36":0.0009999952,"37":0.0009999952,"38":0.0009999952,"39":0.0009999952,"40":0.0009999952,"41":0.0009999952,"42":0.0009999952,"43":0.0009999952,"44":0.0009999952,"45":0.0009999952,"46":0.0009999952,"47":0.0009999952,"48":0.0009999952},"val_loss":{"0":0.6018967032,"1":0.5810785294,"2":0.569309175,"3":0.5440392494,"4":0.5277538896,"5":0.5173898339,"6":0.5069445372,"7":0.4821301997,"8":0.4735860825,"9":0.478938967,"10":0.4576238394,"11":0.4452523887,"12":0.4383149445,"13":0.4356153011,"14":0.4525890648,"15":0.4284909368,"16":0.4181339741,"17":0.4166500866,"18":0.4188827574,"19":0.411203742,"20":0.4426588416,"21":0.4061591029,"22":0.4040897489,"23":0.4011132419,"24":0.3954253197,"25":0.4036204815,"26":0.3914560676,"27":0.3891065419,"28":0.3917147815,"29":0.3867884874,"30":0.3835962713,"31":0.3826016188,"32":0.3793848455,"33":0.3784245849,"34":0.3872786462,"35":0.3931878209,"36":0.373477906,"37":0.3734844923,"38":0.3838015497,"39":0.37057513,"40":0.3694702387,"41":0.3668432832,"42":0.3652044833,"43":0.3678398728,"44":0.3639522791,"45":0.3624036312,"46":0.3637989759,"47":0.3635973632,"48":0.3597877622},"val_accuracy":{"0":0.6453778744,"1":0.6587748528,"2":0.6633253694,"3":0.694240272,"4":0.7100875378,"5":0.7235481143,"6":0.7400477529,"7":0.779856801,"8":0.7791726589,"9":0.7744948268,"10":0.7918217778,"11":0.8041208982,"12":0.8170405626,"13":0.8207477927,"14":0.7947334647,"15":0.819252193,"16":0.8296738267,"17":0.8298965693,"18":0.8242004514,"19":0.8386157751,"20":0.8072235584,"21":0.8324741721,"22":0.8339220285,"23":0.8373906016,"24":0.8452983499,"25":0.8417979479,"26":0.8459347486,"27":0.8478758931,"28":0.8487032652,"29":0.8438504338,"30":0.849355638,"31":0.8493397236,"32":0.8482259512,"33":0.8495147228,"34":0.8414797187,"35":0.8360700011,"36":0.8505807519,"37":0.8495465517,"38":0.8433094621,"39":0.8555926681,"40":0.8526332378,"41":0.8560540676,"42":0.8552426696,"43":0.8537629247,"44":0.8540174961,"45":0.8547971249,"46":0.858265698,"47":0.8530310392,"48":0.858743012},"val_lr":{"0":0.0010000006,"1":0.0010000006,"2":0.0010000006,"3":0.0010000006,"4":0.0010000006,"5":0.0010000006,"6":0.0010000006,"7":0.0010000006,"8":0.0010000006,"9":0.0010000006,"10":0.0010000006,"11":0.0010000006,"12":0.0010000006,"13":0.0010000006,"14":0.0010000006,"15":0.0010000006,"16":0.0010000006,"17":0.0010000006,"18":0.0010000006,"19":0.0010000006,"20":0.0010000006,"21":0.0010000006,"22":0.0010000006,"23":0.0010000006,"24":0.0010000006,"25":0.0010000006,"26":0.0010000006,"27":0.0010000006,"28":0.0010000006,"29":0.0010000006,"30":0.0010000006,"31":0.0010000006,"32":0.0010000006,"33":0.0010000006,"34":0.0010000006,"35":0.0010000006,"36":0.0010000006,"37":0.0010000006,"38":0.0010000006,"39":0.0010000006,"40":0.0010000006,"41":0.0010000006,"42":0.0010000006,"43":0.0010000006,"44":0.0010000006,"45":0.0010000006,"46":0.0010000006,"47":0.0010000006,"48":0.0010000006}}