{"loss":{"0":0.649060607,"1":0.581890583,"2":0.5590213537,"3":0.5430015922,"4":0.5365504622,"5":0.5328674912,"6":0.5304014087,"7":0.5284964442,"8":0.5263551474,"9":0.5244067311,"10":0.5224518776,"11":0.5203995109,"12":0.5171566606,"13":0.5146378875,"14":0.5130461454,"15":0.5113173127,"16":0.5093508959,"17":0.5074020624,"18":0.5049155951,"19":0.5019009709,"20":0.4983618259,"21":0.4941101968,"22":0.4889271557,"23":0.4820725322,"24":0.4752303064,"25":0.4689235985,"26":0.4632331431,"27":0.458183676,"28":0.4537493289,"29":0.4497410357,"30":0.4450671673,"31":0.4409709871,"32":0.4370770752,"33":0.4333601892,"34":0.4301258624,"35":0.4269155562,"36":0.4240550995,"37":0.4210674763,"38":0.4183084369,"39":0.4157850444,"40":0.4132711887,"41":0.4106414914,"42":0.4080046713,"43":0.4052860439,"44":0.4027301669,"45":0.3997852504,"46":0.3968809545,"47":0.3937501013,"48":0.3901594579,"49":0.3869739175,"50":0.3836570084,"51":0.3802011907,"52":0.3765425384,"53":0.373172015,"54":0.3694495559,"55":0.3657531738,"56":0.3622824252,"57":0.3586491048,"58":0.3552593589,"59":0.3513563573,"60":0.3475929797,"61":0.3438982069,"62":0.339944303,"63":0.3364722133,"64":0.3325919211,"65":0.3286429644,"66":0.3250072002,"67":0.3219650686,"68":0.3184397817,"69":0.3150594234,"70":0.3120210767,"71":0.3089435995,"72":0.3060661852,"73":0.303435415,"74":0.3006213903,"75":0.2984154522,"76":0.2959292829,"77":0.2935579717,"78":0.291113168,"79":0.2893729806,"80":0.2872185707,"81":0.2855618596,"82":0.2837798297,"83":0.2822564244,"84":0.2803077102,"85":0.27936849,"86":0.2768466175,"87":0.2754623294,"88":0.2736570835,"89":0.2719370127,"90":0.270544976,"91":0.2689350545,"92":0.2676387131,"93":0.266151756,"94":0.264709264,"95":0.2633447945,"96":0.2620506883,"97":0.2611008286,"98":0.2595341504,"99":0.2584317029},"accuracy":{"0":0.6162064075,"1":0.6679486036,"2":0.6797181368,"3":0.6917467713,"4":0.6975337863,"5":0.7005705237,"6":0.7029616833,"7":0.7051801085,"8":0.7075349689,"9":0.7104170918,"10":0.7129264474,"11":0.7169087529,"12":0.7234049439,"13":0.7265098095,"14":0.7292556167,"15":0.7316285968,"16":0.7348653078,"17":0.7373383045,"18":0.7408841848,"19":0.7457619905,"20":0.7508717179,"21":0.7561859488,"22":0.7623139024,"23":0.7698465586,"24":0.7778656483,"25":0.7841754556,"26":0.7897942662,"27":0.7942765951,"28":0.7973860502,"29":0.7994362712,"30":0.8014001846,"31":0.8038777113,"32":0.8065643907,"33":0.808873713,"34":0.8116831183,"35":0.8129196763,"36":0.8146925569,"37":0.8159063458,"38":0.8170474172,"39":0.8185884953,"40":0.8199068308,"41":0.8210523725,"42":0.8223206997,"43":0.8234754205,"44":0.824770987,"45":0.8267166615,"46":0.828271389,"47":0.8307443857,"48":0.8329310417,"49":0.8353722095,"50":0.8378497362,"51":0.8407364488,"52":0.8434503675,"53":0.845241487,"54":0.8479145169,"55":0.850432992,"56":0.8524514437,"57":0.8550198674,"58":0.8573974371,"59":0.8589476347,"60":0.8609341979,"61":0.8630980849,"62":0.8652301431,"63":0.8670985103,"64":0.8688942194,"65":0.8713853955,"66":0.8730037212,"67":0.874281168,"68":0.8766359687,"69":0.8781998158,"70":0.8797863126,"71":0.8818138242,"72":0.8827321529,"73":0.8840686679,"74":0.885705173,"75":0.8867552876,"76":0.8882827759,"77":0.8897420168,"78":0.8912967443,"79":0.8924013972,"80":0.8940061331,"81":0.8954517841,"82":0.896201849,"83":0.8973292708,"84":0.8984794021,"85":0.8992385268,"86":0.9004750252,"87":0.9014160633,"88":0.9022752643,"89":0.9032435417,"90":0.9039708972,"91":0.9046210051,"92":0.905698359,"93":0.9061393142,"94":0.9071030617,"95":0.9078531861,"96":0.9081895947,"97":0.9089351296,"98":0.9095488191,"99":0.9106989503},"lr":{"0":0.0009999952,"1":0.0009999952,"2":0.0009999952,"3":0.0009999952,"4":0.0009999952,"5":0.0009999952,"6":0.0009999952,"7":0.0009999952,"8":0.0009999952,"9":0.0009999952,"10":0.0009999952,"11":0.0009999952,"12":0.0009999952,"13":0.0009999952,"14":0.0009999952,"15":0.0009999952,"16":0.0009999952,"17":0.0009999952,"18":0.0009999952,"19":0.0009999952,"20":0.0009999952,"21":0.0009999952,"22":0.0009999952,"23":0.0009999952,"24":0.0009999952,"25":0.0009999952,"26":0.0009999952,"27":0.0009999952,"28":0.0009999952,"29":0.0009999952,"30":0.0009999952,"31":0.0009999952,"32":0.0009999952,"33":0.0009999952,"34":0.0009999952,"35":0.0009999952,"36":0.0009999952,"37":0.0009999952,"38":0.0009999952,"39":0.0009999952,"40":0.0009999952,"41":0.0009999952,"42":0.0009999952,"43":0.0009999952,"44":0.0009999952,"45":0.0009999952,"46":0.0009999952,"47":0.0009999952,"48":0.0009999952,"49":0.0009999952,"50":0.0009999952,"51":0.0009999952,"52":0.0009999952,"53":0.0009999952,"54":0.0009999952,"55":0.0009999952,"56":0.0009999952,"57":0.0009999952,"58":0.0009999952,"59":0.0009999952,"60":0.0009999952,"61":0.0009999952,"62":0.0009999952,"63":0.0009999952,"64":0.0009999952,"65":0.0009999952,"66":0.0009999952,"67":0.0009999952,"68":0.0009999952,"69":0.0009999952,"70":0.0009999952,"71":0.0009999952,"72":0.0009999952,"73":0.0009999952,"74":0.0009999952,"75":0.0009999952,"76":0.0009999952,"77":0.0009999952,"78":0.0009999952,"79":0.0009999952,"80":0.0009999952,"81":0.0009999952,"82":0.0009999952,"83":0.0009999952,"84":0.0009999952,"85":0.0009999952,"86":0.0009999952,"87":0.0009999952,"88":0.0009999952,"89":0.0009999952,"90":0.0009999952,"91":0.0009999952,"92":0.0009999952,"93":0.0009999952,"94":0.0009999952,"95":0.0009999952,"96":0.0009999952,"97":0.0009999952,"98":0.0009999952,"99":0.0009999952},"val_loss":{"0":0.5961751938,"1":0.5707096457,"2":0.5499172807,"3":0.5393580794,"4":0.5334878564,"5":0.5304276943,"6":0.5283138156,"7":0.5258790255,"8":0.5256918073,"9":0.5225849152,"10":0.5207320452,"11":0.5186008811,"12":0.5147904754,"13":0.5131259561,"14":0.5107829571,"15":0.5086840987,"16":0.5062937737,"17":0.5057545304,"18":0.5017350316,"19":0.4993599355,"20":0.4959016442,"21":0.4909154773,"22":0.4862831533,"23":0.479414314,"24":0.4719868302,"25":0.4686736763,"26":0.4653630555,"27":0.456258744,"28":0.458648324,"29":0.4507988095,"30":0.4452255666,"31":0.4394057393,"32":0.4358297288,"33":0.4406983256,"34":0.4316466749,"35":0.4262268543,"36":0.4235511124,"37":0.4220684767,"38":0.4185786545,"39":0.4148109257,"40":0.4138132036,"41":0.4089474082,"42":0.4108437002,"43":0.4049541652,"44":0.4032696486,"45":0.3977756798,"46":0.3952744305,"47":0.3924207389,"48":0.390435189,"49":0.396599412,"50":0.3824951351,"51":0.3809714615,"52":0.3807338774,"53":0.3724755049,"54":0.3683580756,"55":0.366155684,"56":0.3592147529,"57":0.3591575921,"58":0.3510914743,"59":0.3473443687,"60":0.3471927345,"61":0.3399156332,"62":0.3366878033,"63":0.3340304196,"64":0.332334578,"65":0.3295604289,"66":0.3220677078,"67":0.3220065534,"68":0.3153554797,"69":0.3130612373,"70":0.3111240268,"71":0.305603832,"72":0.3073334992,"73":0.3033170104,"74":0.3039467633,"75":0.3007782996,"76":0.2939221561,"77":0.2974957824,"78":0.2887764275,"79":0.2890901268,"80":0.2882669568,"81":0.284189105,"82":0.2837127149,"83":0.2825057507,"84":0.2834984362,"85":0.2787866294,"86":0.2770928741,"87":0.2742315531,"88":0.2718350291,"89":0.2713123262,"90":0.2685022354,"91":0.2681511939,"92":0.2646439672,"93":0.2657038569,"94":0.2679211795,"95":0.2614661753,"96":0.2615701258,"97":0.25871557,"98":0.2623457611,"99":0.2558479607},"val_accuracy":{"0":0.6758472323,"1":0.6681782007,"2":0.6933014989,"3":0.690771699,"4":0.6984248161,"5":0.701336503,"6":0.7050914764,"7":0.7068576217,"8":0.70809865,"9":0.7111535668,"10":0.7183930278,"11":0.7153540254,"12":0.7279395461,"13":0.7270644307,"14":0.7384248376,"15":0.7327605486,"16":0.7384884357,"17":0.7348926067,"18":0.7478599548,"19":0.7525059581,"20":0.7517740726,"21":0.7637867928,"22":0.7607318759,"23":0.7730787396,"24":0.7773428559,"25":0.7795385718,"26":0.7851551175,"27":0.7932060361,"28":0.7948448658,"29":0.8000318408,"30":0.8004295826,"31":0.8024662137,"32":0.8058393002,"33":0.8028639555,"34":0.8076531291,"35":0.8119809031,"36":0.8169609904,"37":0.8153222203,"38":0.8139061332,"39":0.8189021349,"40":0.8164518476,"41":0.8205887079,"42":0.8246619105,"43":0.8234208226,"44":0.8254574537,