{"loss":{"0":0.6254010201,"1":0.5716812015,"2":0.5555255413,"3":0.5401664376,"4":0.5278828144,"5":0.5182017684,"6":0.5069958568,"7":0.4956410229,"8":0.4853666723,"9":0.4760076404,"10":0.4673968852,"11":0.4612313509,"12":0.4541290998,"13":0.4474966526,"14":0.4421343803,"15":0.4364901483,"16":0.4321993589,"17":0.4282880127,"18":0.4245604873,"19":0.4209575951,"20":0.4170640111,"21":0.4128603339,"22":0.4090730548,"23":0.4052834213,"24":0.4013147652,"25":0.3977745771,"26":0.3946526945,"27":0.3918034136,"28":0.3892790675,"29":0.3863095343,"30":0.3840850294,"31":0.3814564943,"32":0.3789511025,"33":0.3765403032,"34":0.3741801679,"35":0.3722971082,"36":0.3694464266,"37":0.3676623702,"38":0.3651775122,"39":0.3625978231,"40":0.3608795702,"41":0.3581058681,"42":0.3557101786,"43":0.3540282845,"44":0.3516595364,"45":0.3494775295,"46":0.3474295139,"47":0.3455331922,"48":0.3432944715,"49":0.3418817222,"50":0.3396012783,"51":0.3380562365,"52":0.3360190094,"53":0.3350094259,"54":0.3329076767,"55":0.3316302598,"56":0.3298295736,"57":0.3283161819,"58":0.3263429999,"59":0.3247140646,"60":0.3239967525,"61":0.3224026561,"62":0.3204482794,"63":0.3197408915,"64":0.3183614612,"65":0.3166869581,"66":0.3160760105,"67":0.3144071698,"68":0.3132758439,"69":0.311953634,"70":0.3113614023,"71":0.3097139001,"72":0.3088995516,"73":0.3075553477,"74":0.3067165911,"75":0.3048638701,"76":0.3036268651,"77":0.3025678396,"78":0.3015525639,"79":0.3006594181,"80":0.2988793552,"81":0.2978879511,"82":0.2968066037,"83":0.2960862517,"84":0.2951955497,"85":0.2944272757,"86":0.2932518125,"87":0.2923620641,"88":0.2915055156,"89":0.2901032865,"90":0.2895258963,"91":0.2893791199,"92":0.2876449525,"93":0.2865725458,"94":0.2859629989,"95":0.285074383,"96":0.2848525345,"97":0.2834914029,"98":0.2828114033,"99":0.2813128233},"accuracy":{"0":0.6431457996,"1":0.6849005818,"2":0.6982293725,"3":0.7173315287,"4":0.7322604656,"5":0.7435026765,"6":0.7539675236,"7":0.7658461332,"8":0.7769428492,"9":0.7854892612,"10":0.7927673459,"11":0.7965859771,"12":0.801900208,"13":0.8062734604,"14":0.809491992,"15":0.8130105734,"16":0.8147516847,"17":0.8169019222,"18":0.8184884787,"19":0.819961369,"20":0.8221116066,"21":0.8245027661,"22":0.825743854,"23":0.8277304173,"24":0.8298988342,"25":0.831535399,"26":0.8336265683,"27":0.8349357843,"28":0.8363177776,"29":0.8374224305,"30":0.838768065,"31":0.8406364322,"32":0.8419956565,"33":0.8437095284,"34":0.8439004421,"35":0.8451687694,"36":0.847168982,"37":0.8482827544,"38":0.8505330086,"39":0.8516694903,"40":0.8525196314,"41":0.8547698855,"42":0.8570064902,"43":0.8578429222,"44":0.8596976995,"45":0.8608933091,"46":0.8627207875,"47":0.8642891049,"48":0.865234673,"49":0.8662529588,"50":0.8679668307,"51":0.8694669604,"52":0.8701215982,"53":0.8709989786,"54":0.8726037145,"55":0.8731992245,"56":0.87392205,"57":0.874781251,"58":0.8756768107,"59":0.8760177493,"60":0.8767632842,"61":0.8779270649,"62":0.8787226081,"63":0.8796272278,"64":0.879799962,"65":0.881018281,"66":0.8810546398,"67":0.8819456697,"68":0.8821775317,"69":0.8833822012,"70":0.8835231066,"71":0.8839868307,"72":0.8847050667,"73":0.8857915401,"74":0.8857324719,"75":0.8867235184,"76":0.886914432,"77":0.8878463507,"78":0.8879918456,"79":0.8880645633,"80":0.8889873624,"81":0.8897238374,"82":0.8900057077,"83":0.8905966878,"84":0.8908330202,"85":0.8904284835,"86":0.8916740417,"87":0.8916603923,"88":0.8924741745,"89":0.8927605152,"90":0.8929878473,"91":0.8934878707,"92":0.894128859,"93":0.8944562078,"94":0.8949016929,"95":0.8952971697,"96":0.8950562477,"97":0.8952471614,"98":0.8960518241,"99":0.8966382742},"lr":{"0":0.0009999952,"1":0.0009999952,"2":0.0009999952,"3":0.0009999952,"4":0.0009999952,"5":0.0009999952,"6":0.0009999952,"7":0.0009999952,"8":0.0009999952,"9":0.0009999952,"10":0.0009999952,"11":0.0009999952,"12":0.0009999952,"13":0.0009999952,"14":0.0009999952,"15":0.0009999952,"16":0.0009999952,"17":0.0009999952,"18":0.0009999952,"19":0.0009999952,"20":0.0009999952,"21":0.0009999952,"22":0.0009999952,"23":0.0009999952,"24":0.0009999952,"25":0.0009999952,"26":0.0009999952,"27":0.0009999952,"28":0.0009999952,"29":0.0009999952,"30":0.0009999952,"31":0.0009999952,"32":0.0009999952,"33":0.0009999952,"34":0.0009999952,"35":0.0009999952,"36":0.0009999952,"37":0.0009999952,"38":0.0009999952,"39":0.0009999952,"40":0.0009999952,"41":0.0009999952,"42":0.0009999952,"43":0.0009999952,"44":0.0009999952,"45":0.0009999952,"46":0.0009999952,"47":0.0009999952,"48":0.0009999952,"49":0.0009999952,"50":0.0009999952,"51":0.0009999952,"52":0.0009999952,"53":0.0009999952,"54":0.0009999952,"55":0.0009999952,"56":0.0009999952,"57":0.0009999952,"58":0.0009999952,"59":0.0009999952,"60":0.0009999952,"61":0.0009999952,"62":0.0009999952,"63":0.0009999952,"64":0.0009999952,"65":0.0009999952,"66":0.0009999952,"67":0.0009999952,"68":0.0009999952,"69":0.0009999952,"70":0.0009999952,"71":0.0009999952,"72":0.0009999952,"73":0.0009999952,"74":0.0009999952,"75":0.0009999952,"76":0.0009999952,"77":0.0009999952,"78":0.0009999952,"79":0.0009999952,"80":0.0009999952,"81":0.0009999952,"82":0.0009999952,"83":0.0009999952,"84":0.0009999952,"85":0.0009999952,"86":0.0009999952,"87":0.0009999952,"88":0.0009999952,"89":0.0009999952,"90":0.0009999952,"91":0.0009999952,"92":0.0009999952,"93":0.0009999952,"94":0.0009999952,"95":0.0009999952,"96":0.0009999952,"97":0.0009999952,"98":0.0009999952,"99":0.0009999952},"val_loss":{"0":0.5800017118,"1":0.5636969805,"2":0.5536110401,"3":0.531648159,"4":0.5206723213,"5":0.5111916661,"6":0.4993889332,"7":0.4879055321,"8":0.4816392064,"9":0.4741318524,"10":0.4655769765,"11":0.457619369,"12":0.4493260682,"13":0.4462894499,"14":0.4538308382,"15":0.4333595932,"16":0.4304955304,"17":0.4247785211,"18":0.424970448,"19":0.4185923934,"20":0.4151991308,"21":0.4175691307,"22":0.4086707532,"23":0.4100782871,"24":0.4022261798,"25":0.3985242248,"26":0.3956140578,"27":0.4042537212,"28":0.3870418072,"29":0.3848199844,"30":0.3877613544,"31":0.3850352466,"32":0.376969099,"33":0.3744389415,"34":0.3740543723,"35":0.3700265288,"36":0.3713898361,"37":0.3698355258,"38":0.3753067255,"39":0.3628202677,"40":0.3651633561,"41":0.359321028,"42":0.353582114,"43":0.3543234169,"44":0.3511872292,"45":0.3490510583,"46":0.3503225744,"47":0.3435922861,"48":0.3453344405,"49":0.3395754695,"50":0.3436086774,"51":0.3360161781,"52":0.339301616,"53":0.3413206339,"54":0.3334090412,"55":0.3341391087,"56":0.3279414773,"57":0.3271446824,"58":0.3256022334,"59":0.3309508562,"60":0.3247357309,"61":0.3288770914,"62":0.3183713257,"63":0.3206824064,"64":0.3192451894,"65":0.3144167364,"66":0.3135051727,"67":0.3134005368,"68":0.310457617,"69":0.3098298013,"70":0.3194415867,"71":0.3117908537,"72":0.3063311875,"73":0.3039516509,"74":0.3033929169,"75":0.3122988939,"76":0.3017763793,"77":0.3018333912,"78":0.2981016934,"79":0.3013941348,"80":0.2968765199,"81":0.297329247,"82":0.2977369428,"83":0.2949097455,"84":0.2972489297,"85":0.2915542126,"86":0.2929232419,"87":0.3024615049,"88":0.2948777378,"89":0.289871037,"90":0.2861798108,"91":0.2851166725,"92":0.2848283648,"93":0.2836212814,"94":0.2861085534,"95":0.2871694267,"96":0.2849290371,"97":0.2837364674,"98":0.2909347117,"99":0.2808305621},"val_accuracy":{"0":0.6785520911,"1":0.6855528951,"2":0.7188385129,"3":0.7284805179,"4":0.73953861,"5":0.7465870976,"6":0.7583452463,"7":0.7711376548,"8":0.7850596905,"9":0.7854096889,"10":0.7905807495,"11":0.7973428965,"12":0.8043118715,"13":0.8084486723,"14":0.802991271,"15":0.8158631921,"16":0.8181702495,"17":0.8192840219,"18":0.818392992,"19":0.8231503367,"20":0.8236277103,"21":0.8221797943,"22":0.8282259107,"23":0.8230867386,"24":0.8277008533,"25":0.8329037428,"26":0.832601428,"27":0.8243118525,"28":0.8372315168,"29":0.8393954039,"30":0.8390612602,"31":0.8373269439,"32":0.8444550633,"33":0.845743835,"34":0.8445823193,"35":0.8482895494,"36":0.8469053507,"37":0.847430408,"38":0.8443118334,"39":0.8519809246,"40":0.8504057527,"41":0.854049325,"42":0.8588225842,"43":0.8584407568,"44":0.8600636721,