{"loss":{"0":0.7092021108,"1":0.6166171432,"2":0.5860008597,"3":0.578158319,"4":0.5663207173,"5":0.5458287597,"6":0.5320782065,"7":0.521415472,"8":0.5118893385,"9":0.5050412416,"10":0.4991403818,"11":0.4930713773,"12":0.4879933894,"13":0.4843689203,"14":0.4809408486,"15":0.4785480201,"16":0.4755470455,"17":0.4728686213,"18":0.4698593915,"19":0.4667854309,"20":0.4637133181,"21":0.4607130289,"22":0.4572699368,"23":0.4542965889,"24":0.4506937265,"25":0.4469511211,"26":0.4441174865,"27":0.440962851,"28":0.4375150204,"29":0.4340923429,"30":0.4306996763,"31":0.4275370836,"32":0.4241601527,"33":0.4205000997,"34":0.417419672,"35":0.4131014049,"36":0.4096671939,"37":0.4063299596,"38":0.4025090337,"39":0.3984827697,"40":0.3949401975,"41":0.390706867,"42":0.3864039183,"43":0.382684499,"44":0.3778464794,"45":0.3726195693,"46":0.368709594,"47":0.3635120392,"48":0.3596277237,"49":0.3557442725,"50":0.3510193229,"51":0.3483596742,"52":0.3450593352,"53":0.3415333629,"54":0.3394803405,"55":0.3356949687,"56":0.3329266906,"57":0.3313370943,"58":0.3284090161,"59":0.3259066641,"60":0.3245634437,"61":0.3221924305,"62":0.3193944991,"63":0.3184422851,"64":0.3156377077,"65":0.3151657581,"66":0.3131069243,"67":0.3107026219,"68":0.3094333112,"69":0.3083120883,"70":0.3065079749,"71":0.3050951958,"72":0.303121984,"73":0.3026207983,"74":0.301597774,"75":0.3008291125,"76":0.2984329164,"77":0.2974146605,"78":0.2973442674,"79":0.2954211831,"80":0.2946676612,"81":0.2938457727,"82":0.2928041816,"83":0.2908113599,"84":0.2910765409},"accuracy":{"0":0.522154808,"1":0.6516786218,"2":0.661488831,"3":0.6670485139,"4":0.6753176451,"5":0.6930469275,"6":0.7110489607,"7":0.7293738127,"8":0.7438299656,"9":0.7535765171,"10":0.7613638043,"11":0.7685009837,"12":0.7745880485,"13":0.7781611681,"14":0.7825480103,"15":0.7847892046,"16":0.7870576382,"17":0.7894579172,"18":0.7919445634,"19":0.7942493558,"20":0.796967864,"21":0.7991953492,"22":0.8020502329,"23":0.8040140867,"24":0.8063643575,"25":0.8088601232,"26":0.8098556399,"27":0.8120968342,"28":0.8139379621,"29":0.8160290718,"30":0.8176974654,"31":0.81875211,"32":0.8202568293,"33":0.8214342594,"34":0.8225434422,"35":0.8241663575,"36":0.8255574703,"37":0.826348424,"38":0.8280713558,"39":0.8299397826,"40":0.8320536613,"41":0.8347857594,"42":0.8368087411,"43":0.8396681547,"44":0.8433094621,"45":0.8462507129,"46":0.8489510417,"47":0.8519240618,"48":0.855142653,"49":0.8576111197,"50":0.8602750301,"51":0.8618661165,"52":0.8636481166,"53":0.8663529754,"54":0.8667530417,"55":0.868735075,"56":0.8704307079,"57":0.8710535169,"58":0.8731673956,"59":0.8748630285,"60":0.8756358624,"61":0.876681447,"62":0.8784043789,"63":0.8789453506,"64":0.8803591132,"65":0.8813092113,"66":0.8813456297,"67":0.8827866912,"68":0.8837640882,"69":0.8841368556,"70":0.8853369951,"71":0.8862734437,"72":0.8872826695,"73":0.8875281215,"74":0.8884555101,"75":0.8885600567,"76":0.8899056911,"77":0.8913785815,"78":0.8905512094,"79":0.8918104172,"80":0.8924105167,"81":0.8929560184,"82":0.8931742311,"83":0.8947107792,"84":0.8940834403},"lr":{"0":0.0009999952,"1":0.0009999952,"2":0.0009999952,"3":0.0009999952,"4":0.0009999952,"5":0.0009999952,"6":0.0009999952,"7":0.0009999952,"8":0.0009999952,"9":0.0009999952,"10":0.0009999952,"11":0.0009999952,"12":0.0009999952,"13":0.0009999952,"14":0.0009999952,"15":0.0009999952,"16":0.0009999952,"17":0.0009999952,"18":0.0009999952,"19":0.0009999952,"20":0.0009999952,"21":0.0009999952,"22":0.0009999952,"23":0.0009999952,"24":0.0009999952,"25":0.0009999952,"26":0.0009999952,"27":0.0009999952,"28":0.0009999952,"29":0.0009999952,"30":0.0009999952,"31":0.0009999952,"32":0.0009999952,"33":0.0009999952,"34":0.0009999952,"35":0.0009999952,"36":0.0009999952,"37":0.0009999952,"38":0.0009999952,"39":0.0009999952,"40":0.0009999952,"41":0.0009999952,"42":0.0009999952,"43":0.0009999952,"44":0.0009999952,"45":0.0009999952,"46":0.0009999952,"47":0.0009999952,"48":0.0009999952,"49":0.0009999952,"50":0.0009999952,"51":0.0009999952,"52":0.0009999952,"53":0.0009999952,"54":0.0009999952,"55":0.0009999952,"56":0.0009999952,"57":0.0009999952,"58":0.0009999952,"59":0.0009999952,"60":0.0009999952,"61":0.0009999952,"62":0.0009999952,"63":0.0009999952,"64":0.0009999952,"65":0.0009999952,"66":0.0009999952,"67":0.0009999952,"68":0.0009999952,"69":0.0009999952,"70":0.0009999952,"71":0.0009999952,"72":0.0009999952,"73":0.0009999952,"74":0.0009999952,"75":0.0009999952,"76":0.0009999952,"77":0.0009999952,"78":0.0009999952,"79":0.0009999952,"80":0.0009999952,"81":0.0009999952,"82":0.0009999952,"83":0.0009999952,"84":0.0009999952},"val_loss":{"0":0.6738371253,"1":0.5918052793,"2":0.5823765993,"3":0.5747301579,"4":0.5560403466,"5":0.5385189056,"6":0.5284821391,"7":0.5141618252,"8":0.507199347,"9":0.5037100911,"10":0.4937768281,"11":0.4895257056,"12":0.4859235585,"13":0.482190907,"14":0.4793708026,"15":0.4795845449,"16":0.4765838385,"17":0.4715711176,"18":0.4679355621,"19":0.4661211967,"20":0.4620680511,"21":0.4606002271,"22":0.4558365345,"23":0.4525489807,"24":0.4491316378,"25":0.4456352592,"26":0.4443166256,"27":0.442283392,"28":0.4357973933,"29":0.4326717854,"30":0.4379814267,"31":0.4280260205,"32":0.4215705097,"33":0.4260076284,"34":0.4144529402,"35":0.4116691947,"36":0.4155224264,"37":0.403069675,"38":0.4002940357,"39":0.3961754143,"40":0.3910921216,"41":0.389148891,"42":0.3829981685,"43":0.3795991242,"44":0.3738639355,"45":0.3761806786,"46":0.3644854724,"47":0.3611679375,"48":0.3573470414,"49":0.3540266156,"50":0.3704038262,"51":0.3481638432,"52":0.3406889141,"53":0.3385289311,"54":0.3351709843,"55":0.3351822793,"56":0.3330442905,"57":0.3355787694,"58":0.324131012,"59":0.3268013,"60":0.3187622428,"61":0.3273794949,"62":0.3264979422,"63":0.3150965869,"64":0.3106743693,"65":0.310108453,"66":0.3139452338,"67":0.306563586,"68":0.3053404987,"69":0.3066415787,"70":0.3059397042,"71":0.3021677434,"72":0.3012820184,"73":0.2960903049,"74":0.2963259518,"75":0.2956255674,"76":0.3030110896,"77":0.293245703,"78":0.2961404622,"79":0.2903522551,"80":0.2905626297,"81":0.335137099,"82":0.3029947281,"83":0.2916312814,"84":0.292019099},"val_accuracy":{"0":0.6160700321,"1":0.6633253694,"2":0.663516283,"3":0.675560832,"4":0.6851710677,"5":0.6970246434,"6":0.7116945386,"7":0.7394431233,"8":0.7505330443,"9":0.754701674,"10":0.767334938,"11":0.7712489963,"12":0.7768496275,"13":0.7829912305,"14":0.7853142619,"15":0.7860620618,"16":0.7893238068,"17":0.7926014066,"18":0.7954335809,"19":0.7961336374,"20":0.7985839248,"21":0.7984884381,"22":0.8050755858,"23":0.8049482703,"24":0.8068894148,"25":0.809466958,"26":0.8072872162,"27":0.8087032437,"28":0.8142084479,"29":0.816133678,"30":0.8108989596,"31":0.8169292212,"32":0.8243595958,"33":0.8142084479,"34":0.823579967,"35":0.8224980235,"36":0.8225298524,"37":0.8298329115,"38":0.8291010261,"39":0.8335878849,"40":0.8362768292,"41":0.8363882303,"42":0.8402227759,"43":0.8429753184,"44":0.8467780352,"45":0.8455688357,"46":0.8553380966,"47":0.8545425534,"48":0.8561018109,"49":0.8620365858,"50":0.8530310392,"51":0.8584248424,"52":0.8673508167,"53":0.8724900484,"54":0.8682418466,"55":0.8686714172,"56":0.8762609363,"57":0.8647891879,"58":0.8775337934,"59":0.8721718192,"60":0.8782657385,"61":0.8816229105,"62":0.8806205392,"63":0.8816706538,"64":0.8838981986,"65":0.8832139969,"66":0.8872076273,"67":0.8869848847,"68":0.8841845393,"69":0.8891646862,"70":0.8897215724,"71":0.8940652609,"72":0.891726315,"73":0.8932219744,"74":0.8911853433,"75":0.8900079727,"76":0.8840731978,"77":0.8954176903,"78":0.8910580873,"79":0.8936197162,"80":0.8938742876,"81":0.8703898191,"82":0.8844391704,"83":0.8986952901,"84":0.8926332593},"val_lr":{"0":0.0010000006,"1":0.0010000006,"2":0.0010000006,"3":0.0010000006,"4":0.0010000006,"5":0.0010000006,"6":0.0010000006,"7":0.0010000006,"8":0.0010000006,"9":0.0010000006,"10":0.0010000006,"11":0.0010000006,"12":0.0010000006,"13":0.0010000006,"14":0.0010000006,"15":0.0010000006,"16":0.0010000006,"17":0.0010000006,"18":0.0010000006,"19":0.0010000006,"20":0.0010000006,