{"loss":{"0":0.6210516691,"1":0.5733757615,"2":0.5599204302,"3":0.5470119119,"4":0.5386813283,"5":0.5325247049,"6":0.5283182859,"7":0.525550127,"8":0.5229468346,"9":0.5207625031,"10":0.5186449289,"11":0.5166423321,"12":0.5143719912,"13":0.5111965537,"14":0.5053337812,"15":0.4955312312,"16":0.485455811,"17":0.4751698077,"18":0.4631637335,"19":0.4519918859,"20":0.4419565797,"21":0.4337511957,"22":0.4261423945,"23":0.4175449908,"24":0.4082163572,"25":0.3956064284,"26":0.3806478679,"27":0.3632052541,"28":0.345028311,"29":0.3277535439,"30":0.3139559329,"31":0.3028867245,"32":0.2941128314,"33":0.286555171,"34":0.2804570794,"35":0.2737347782,"36":0.2678836286,"37":0.2625018954,"38":0.2562637329,"39":0.2513490319,"40":0.2464017868,"41":0.2418568283,"42":0.2379535884,"43":0.23446697,"44":0.2303652018,"45":0.2274442464,"46":0.2244333178,"47":0.2217438072,"48":0.2189428955,"49":0.2163973153,"50":0.2137845755,"51":0.2112285644,"52":0.2095310688,"53":0.2064481378,"54":0.2046548128,"55":0.2018371969,"56":0.20063214,"57":0.1983979344,"58":0.1956515461,"59":0.1934086084,"60":0.1924889386,"61":0.1900006384,"62":0.1886931211,"63":0.1859717369,"64":0.1846581697,"65":0.1832516193,"66":0.1810510457,"67":0.179851383,"68":0.1779380441,"69":0.1765423119,"70":0.1754993051,"71":0.1733399779,"72":0.1729569584,"73":0.1710857898,"74":0.1705718488,"75":0.1687954962,"76":0.1676700264,"77":0.1659652591,"78":0.1662057787},"accuracy":{"0":0.6470053196,"1":0.6797590852,"2":0.6845368743,"3":0.6915149689,"4":0.6971383095,"5":0.702552557,"6":0.7098261118,"7":0.7152767181,"8":0.7186225653,"9":0.7227139473,"10":0.7260597944,"11":0.7285100818,"12":0.7317740917,"13":0.7351108193,"14":0.7371519208,"15":0.7430753708,"16":0.7505080104,"17":0.7601773143,"18":0.7729378343,"19":0.7850983143,"20":0.7946266532,"21":0.8007546067,"22":0.8060597777,"23":0.8122240901,"24":0.8182111382,"25":0.8261756897,"26":0.8347585201,"27":0.8457006216,"28":0.8561972976,"29":0.8659256697,"30":0.8738083839,"31":0.8796045184,"32":0.884391427,"33":0.8888555765,"34":0.8923650384,"35":0.8957608938,"36":0.8994067311,"37":0.9017979503,"38":0.9053255916,"39":0.9083532095,"40":0.9104034305,"41":0.9131310582,"42":0.9150857925,"43":0.9164723158,"44":0.9183725715,"45":0.9197999835,"46":0.9211819768,"47":0.9222456813,"48":0.9235549569,"49":0.9248960018,"50":0.9256324768,"51":0.9266280532,"52":0.9277235866,"53":0.9287328124,"54":0.9297374487,"55":0.930401206,"56":0.930973947,"57":0.93206954,"58":0.9329650998,"59":0.9336060882,"60":0.9342107177,"61":0.9350607991,"62":0.9359836578,"63":0.9370791912,"64":0.9372928739,"65":0.938115716,"66":0.9388749003,"67":0.9391067028,"68":0.940397799,"69":0.9406432509,"70":0.9412205815,"71":0.9419934154,"72":0.942307055,"73":0.9432753921,"74":0.9430571795,"75":0.9436572194,"76":0.9443255067,"77":0.945089221,"78":0.9450392127},"lr":{"0":0.0009999952,"1":0.0009999952,"2":0.0009999952,"3":0.0009999952,"4":0.0009999952,"5":0.0009999952,"6":0.0009999952,"7":0.0009999952,"8":0.0009999952,"9":0.0009999952,"10":0.0009999952,"11":0.0009999952,"12":0.0009999952,"13":0.0009999952,"14":0.0009999952,"15":0.0009999952,"16":0.0009999952,"17":0.0009999952,"18":0.0009999952,"19":0.0009999952,"20":0.0009999952,"21":0.0009999952,"22":0.0009999952,"23":0.0009999952,"24":0.0009999952,"25":0.0009999952,"26":0.0009999952,"27":0.0009999952,"28":0.0009999952,"29":0.0009999952,"30":0.0009999952,"31":0.0009999952,"32":0.0009999952,"33":0.0009999952,"34":0.0009999952,"35":0.0009999952,"36":0.0009999952,"37":0.0009999952,"38":0.0009999952,"39":0.0009999952,"40":0.0009999952,"41":0.0009999952,"42":0.0009999952,"43":0.0009999952,"44":0.0009999952,"45":0.0009999952,"46":0.0009999952,"47":0.0009999952,"48":0.0009999952,"49":0.0009999952,"50":0.0009999952,"51":0.0009999952,"52":0.0009999952,"53":0.0009999952,"54":0.0009999952,"55":0.0009999952,"56":0.0009999952,"57":0.0009999952,"58":0.0009999952,"59":0.0009999952,"60":0.0009999952,"61":0.0009999952,"62":0.0009999952,"63":0.0009999952,"64":0.0009999952,"65":0.0009999952,"66":0.0009999952,"67":0.0009999952,"68":0.0009999952,"69":0.0009999952,"70":0.0009999952,"71":0.0009999952,"72":0.0009999952,"73":0.0009999952,"74":0.0009999952,"75":0.0009999952,"76":0.0009999952,"77":0.0009999952,"78":0.0009999952},"val_loss":{"0":0.5818988681,"1":0.5691288114,"2":0.5537620783,"3":0.5427737832,"4":0.5350883603,"5":0.5293718576,"6":0.5273418427,"7":0.5235583186,"8":0.5218319893,"9":0.5201002359,"10":0.5176835656,"11":0.516415,"12":0.5125102401,"13":0.5099172592,"14":0.5008608103,"15":0.4897217751,"16":0.4801157713,"17":0.4683281779,"18":0.4568486512,"19":0.4459473491,"20":0.4386540651,"21":0.4283276498,"22":0.4209775627,"23":0.4147059917,"24":0.4015284777,"25":0.3912353516,"26":0.3698220849,"27":0.3503066599,"28":0.3401521444,"29":0.3220072389,"30":0.3085685372,"31":0.2955987453,"32":0.2880806625,"33":0.2816400826,"34":0.2732142806,"35":0.2684057951,"36":0.2630007267,"37":0.2596869171,"38":0.2535882592,"39":0.2574670017,"40":0.2437904328,"41":0.2410441041,"42":0.2376491278,"43":0.2331672162,"44":0.2274096012,"45":0.2234613448,"46":0.2196428031,"47":0.2171248645,"48":0.2197785825,"49":0.2113131285,"50":0.2090658396,"51":0.2112955302,"52":0.2037647516,"53":0.2066953182,"54":0.2003631145,"55":0.1975186467,"56":0.1992791295,"57":0.1931768507,"58":0.1914214343,"59":0.1974558234,"60":0.1983530074,"61":0.2070769668,"62":0.1816634238,"63":0.1823895127,"64":0.1783280969,"65":0.1818618774,"66":0.1756687611,"67":0.1784231365,"68":0.1833509654,"69":0.1897029877,"70":0.1722368598,"71":0.1738438457,"72":0.1715760827,"73":0.1651025265,"74":0.166000396,"75":0.1721451432,"76":0.1633697599,"77":0.162161693,"78":0.1643721908},"val_accuracy":{"0":0.6737470031,"1":0.6905966401,"2":0.6843436956,"3":0.6967382431,"4":0.6990294456,"5":0.7061415911,"6":0.7128719091,"7":0.7163882256,"8":0.7176929116,"9":0.7201272845,"10":0.726396203,"11":0.7258552313,"12":0.73301512,"13":0.7368814349,"14":0.7408910394,"15":0.7462052703,"16":0.7568178177,"17":0.7666666508,"18":0.7800158858,"19":0.7899602056,"20":0.7952585816,"21":0.8047573566,"22":0.8101829886,"23":0.812490046,"24":0.8228798509,"25":0.8310899138,"26":0.8431503773,"27":0.8531423807,"28":0.8569769263,"29":0.8674303889,"30":0.8772155643,"31":0.8839299679,"32":0.8869689703,"33":0.8913126588,"34":0.8955926895,"35":0.8984407187,"36":0.9013842344,"37":0.9037072659,"38":0.9067621231,"39":0.9073190093,"40":0.9128559828,"41":0.9120127559,"42":0.9153699279,"43":0.9163404703,"44":0.921002388,"45":0.9216070175,"46":0.9235004187,"47":0.9240573049,"48":0.923882246,"49":0.9264121056,"50":0.9288942218,"51":0.9257279038,"52":0.9298488498,"53":0.9272394776,"54":0.93088305,"55":0.9319968224,"56":0.9330310225,"57":0.932569623,"58":0.9348130226,"59":0.9294510484,"60":0.9299125075,"61":0.9243754745,"62":0.9380747676,"63":0.9374383688,"64":0.9400318265,"65":0.9368337393,"66":0.9414797425,"67":0.9406205416,"68":0.9362291098,"69":0.9320445657,"70":0.9407637119,"71":0.9402545691,"72":0.9438504577,"73":0.9448210001,"74":0.9434844851,"75":0.9440891147,"76":0.947971344,"77":0.9468894005,"78":0.9441845417},"val_lr":{"0":0.0010000006,"1":0.0010000006,"2":0.0010000006,"3":0.0010000006,"4":0.0010000006,"5":0.0010000006,"6":0.0010000006,"7":0.0010000006,"8":0.0010000006,"9":0.0010000006,"10":0.0010000006,"11":0.0010000006,"12":0.0010000006,"13":0.0010000006,"14":0.0010000006,"15":0.0010000006,"16":0.0010000006,"17":0.0010000006,"18":0.0010000006,"19":0.0010000006,"20":0.0010000006,"21":0.0010000006,"22":0.0010000006,"23":0.0010000006,"24":0.0010000006,"25":0.0010000006,"26":0.0010000006,"27":0.0010000006,"28":0.0010000006,"29":0.0010000006,"30":0.0010000006,"31":0.0010000006,"32":0.0010000006,"33":0.0010000006,"34":0.0010000006,"35":0.0010000006,"36":0.0010000006,"37":0.0010000006,"38":0.0010000006,"39":0.0010000006,"40":0.0010000006,"41":0.0010000006,"42":0.0010000006,"43":0.0010000006,"44":0.0010000006,"45":0.0010000006,"46":0.0010000006,"47":0.0010000006,"48":0.0010000006,"49":0.0010000006,