{"loss":{"0":0.6238186955,"1":0.5739971995,"2":0.551238358,"3":0.5336055756,"4":0.5257694125,"5":0.5200232267,"6":0.5135107636,"7":0.5054473281,"8":0.4972166717,"9":0.4880210161,"10":0.4789843559,"11":0.4718280137,"12":0.4660835266,"13":0.4599708915,"14":0.4549128115,"15":0.4497158825,"16":0.4438852668,"17":0.4385671616,"18":0.4326848686,"19":0.4268408418,"20":0.4206018448,"21":0.414711833,"22":0.4092517197,"23":0.4035565853,"24":0.3982335925,"25":0.3930822015,"26":0.3880044818,"27":0.3834314346,"28":0.3787438273,"29":0.3739778101,"30":0.3694585562,"31":0.365383178,"32":0.3612904549,"33":0.3574263752,"34":0.3535420895,"35":0.3489176631,"36":0.3451200426,"37":0.341267854,"38":0.3376305401,"39":0.3337200582,"40":0.3299268782,"41":0.3256938159,"42":0.321746707,"43":0.3177509606,"44":0.3128681183,"45":0.3086979687,"46":0.3045772314,"47":0.2997716069,"48":0.2952122092,"49":0.2915947437,"50":0.2883107066,"51":0.2853627205,"52":0.2820720673,"53":0.2796293795,"54":0.27691558,"55":0.2738550603,"56":0.2719709575,"57":0.268956393,"58":0.2659172118,"59":0.263494283,"60":0.2608923018,"61":0.2588352561,"62":0.2568396032,"63":0.2542302012,"64":0.2527049482,"65":0.2495752573,"66":0.2459641248,"67":0.2424903065,"68":0.2396348268,"69":0.2366740406,"70":0.2345442027,"71":0.2324375659,"72":0.2302412093,"73":0.2284097672,"74":0.2263624966,"75":0.2249719948,"76":0.2225968689,"77":0.2207784057,"78":0.2196378708,"79":0.2190501392,"80":0.2154604942,"81":0.214482978,"82":0.2135249227,"83":0.2129667103,"84":0.2100469023,"85":0.2092497051,"86":0.2082175165,"87":0.2075851113,"88":0.2051832825,"89":0.2052375078},"accuracy":{"0":0.635003984,"1":0.675581336,"2":0.693174243,"3":0.7078713775,"4":0.7170087695,"5":0.7246687412,"6":0.7373065352,"7":0.753253758,"8":0.7704148293,"9":0.7865030169,"10":0.798045218,"11":0.80480057,"12":0.8099284172,"13":0.8152062893,"14":0.819252193,"15":0.8235481381,"16":0.826821208,"17":0.8299897909,"18":0.833199203,"19":0.8365905285,"20":0.839722693,"21":0.8425457478,"22":0.845382452,"23":0.8472781181,"24":0.8491055965,"25":0.8508285284,"26":0.8525241613,"27":0.8548062444,"28":0.8562291265,"29":0.8580020666,"30":0.8588839769,"31":0.8611297011,"32":0.8626934886,"33":0.864398241,"34":0.8657984138,"35":0.8681032062,"36":0.8704125285,"37":0.8724763989,"38":0.8742266297,"39":0.8758677244,"40":0.8778224587,"41":0.879681766,"42":0.8811455965,"43":0.8829594254,"44":0.8852688074,"45":0.8871462941,"46":0.8893419504,"47":0.8911512494,"48":0.8935469985,"49":0.8953289986,"50":0.8968564868,"51":0.8982929587,"52":0.8999522924,"53":0.9006568789,"54":0.9012660384,"55":0.9033662677,"56":0.9038800001,"57":0.9046618938,"58":0.9056438208,"59":0.9073167443,"60":0.9082123041,"61":0.9085896015,"62":0.9097079039,"63":0.9107034802,"64":0.910885334,"65":0.9118990898,"66":0.9132356048,"67":0.9143130183,"68":0.9157677293,"69":0.9167360067,"70":0.9181907177,"71":0.9188680649,"72":0.9199272394,"73":0.9203409553,"74":0.9215092659,"75":0.9218820333,"76":0.9229912758,"77":0.9234549403,"78":0.924500525,"79":0.9240459204,"80":0.9259824753,"81":0.9261734486,"82":0.9266871214,"83":0.926641643,"84":0.9286873341,"85":0.9282918572,"86":0.9289010167,"87":0.9294010401,"88":0.9303830266,"89":0.9301829934},"lr":{"0":0.0009999952,"1":0.0009999952,"2":0.0009999952,"3":0.0009999952,"4":0.0009999952,"5":0.0009999952,"6":0.0009999952,"7":0.0009999952,"8":0.0009999952,"9":0.0009999952,"10":0.0009999952,"11":0.0009999952,"12":0.0009999952,"13":0.0009999952,"14":0.0009999952,"15":0.0009999952,"16":0.0009999952,"17":0.0009999952,"18":0.0009999952,"19":0.0009999952,"20":0.0009999952,"21":0.0009999952,"22":0.0009999952,"23":0.0009999952,"24":0.0009999952,"25":0.0009999952,"26":0.0009999952,"27":0.0009999952,"28":0.0009999952,"29":0.0009999952,"30":0.0009999952,"31":0.0009999952,"32":0.0009999952,"33":0.0009999952,"34":0.0009999952,"35":0.0009999952,"36":0.0009999952,"37":0.0009999952,"38":0.0009999952,"39":0.0009999952,"40":0.0009999952,"41":0.0009999952,"42":0.0009999952,"43":0.0009999952,"44":0.0009999952,"45":0.0009999952,"46":0.0009999952,"47":0.0009999952,"48":0.0009999952,"49":0.0009999952,"50":0.0009999952,"51":0.0009999952,"52":0.0009999952,"53":0.0009999952,"54":0.0009999952,"55":0.0009999952,"56":0.0009999952,"57":0.0009999952,"58":0.0009999952,"59":0.0009999952,"60":0.0009999952,"61":0.0009999952,"62":0.0009999952,"63":0.0009999952,"64":0.0009999952,"65":0.0009999952,"66":0.0009999952,"67":0.0009999952,"68":0.0009999952,"69":0.0009999952,"70":0.0009999952,"71":0.0009999952,"72":0.0009999952,"73":0.0009999952,"74":0.0009999952,"75":0.0009999952,"76":0.0009999952,"77":0.0009999952,"78":0.0009999952,"79":0.0009999952,"80":0.0009999952,"81":0.0009999952,"82":0.0009999952,"83":0.0009999952,"84":0.0009999952,"85":0.0009999952,"86":0.0009999952,"87":0.0009999952,"88":0.0009999952,"89":0.0009999952},"val_loss":{"0":0.5822414756,"1":0.5643168092,"2":0.5394697189,"3":0.5287725329,"4":0.5285004973,"5":0.5150460005,"6":0.509439528,"7":0.5009686351,"8":0.4903764725,"9":0.4816420972,"10":0.4752964675,"11":0.4668339491,"12":0.4659855068,"13":0.4575385749,"14":0.4511403739,"15":0.4457407594,"16":0.4441066682,"17":0.4349578023,"18":0.4300547242,"19":0.4225838482,"20":0.4184801877,"21":0.4122771323,"22":0.4070554078,"23":0.400583595,"24":0.3962849677,"25":0.3915885389,"26":0.3856264353,"27":0.3801219761,"28":0.3782767951,"29":0.370832175,"30":0.3659541905,"31":0.3617979586,"32":0.3578982353,"33":0.3520899415,"34":0.3506485522,"35":0.3431945741,"36":0.3415021002,"37":0.3374788463,"38":0.336566329,"39":0.3372121155,"40":0.325301975,"41":0.3318814635,"42":0.3179527223,"43":0.3130703568,"44":0.3090701401,"45":0.3097084463,"46":0.3020916581,"47":0.2985081077,"48":0.2920805812,"49":0.2895902395,"50":0.2842432261,"51":0.2833000422,"52":0.2844465673,"53":0.2803539038,"54":0.275179863,"55":0.2775951624,"56":0.2697546482,"57":0.2670029402,"58":0.2665000558,"59":0.2672078907,"60":0.2584984004,"61":0.2590254247,"62":0.2583477199,"63":0.2522221506,"64":0.249625355,"65":0.2490112782,"66":0.2435620427,"67":0.2425261289,"68":0.2497204244,"69":0.2491374463,"70":0.2354492396,"71":0.2380973399,"72":0.2278209627,"73":0.2261454314,"74":0.2233536392,"75":0.2233030349,"76":0.2237327844,"77":0.225315243,"78":0.2352230996,"79":0.2155039907,"80":0.2165089995,"81":0.2123939693,"82":0.2124303579,"83":0.2096044123,"84":0.2078498304,"85":0.2082642317,"86":0.2068892866,"87":0.206034258,"88":0.2471282631,"89":0.214081794},"val_accuracy":{"0":0.6715036035,"1":0.6834208369,"2":0.7037231326,"3":0.7129673958,"4":0.7185202837,"5":0.7287510037,"6":0.7355767488,"7":0.7630708218,"8":0.7804614305,"9":0.7952744365,"10":0.8001750112,"11":0.8069530725,"12":0.8090214729,"13":0.8177883625,"14":0.8258392811,"15":0.824773252,"16":0.8264916539,"17":0.8325059414,"18":0.8393158317,"19":0.8392999172,"20":0.8404932618,"21":0.8441209197,"22":0.8450119495,"23":0.8469530344,"24":0.8512967229,"25":0.848623693,"26":0.852235496,"27":0.8547175527,"28":0.8611614704,"29":0.8616865277,"30":0.8582816124,"31":0.8662529588,"32":0.8624025583,"33":0.8664121032,"34":0.8712649345,"35":0.8721718192,"36":0.8683214188,"37":0.8724582195,"38":0.8751949072,"39":0.8774542809,"40":0.8813683391,"41":0.8820683956,"42":0.886062026,"43":0.8838981986,"44":0.884518683,"45":0.8839936256,"46":0.888225913,"47":0.8956563473,"48":0.8963723183,"49":0.8971042037,"50":0.8999522924,"51":0.8992362618,"52":0.8969292045,"53":0.8996658921,"54":0.9020684361,"55":0.9018615484,"56":0.9046459794,"57":0.9059984088,"58":0.905839324,"59":0.9056642652,"60":0.9103580117,"61":0.908719182,"62":0.9083691239,"63":0.9125378132,"64":0.9136038423,"65":0.9114717841,"66":0.9142084122,"67":0.9141288996,"68":0.9098488688,"69":0.9109308124,"70":0.9191408157,"71":0.9169928432,"72":0.9216706157,"73":0.9219411016,"74":0.9234845042,"75":0.9242959619,"76":0.9226571321,"77":0.9217661023,"78":0.9145425558,"79":0.9264439344,"80":0.9256643057,"81":0.9287669063,"82":0.9273030758,"83":0.929546535,"84":0.929689765,"85":0.9294192791,