{"loss":{"0":0.6656294465,"1":0.5846403837,"2":0.5650309324,"3":0.5474126935,"4":0.5381011963,"5":0.5318658948,"6":0.5270620584,"7":0.5235330462,"8":0.5199249983,"9":0.5164461732,"10":0.5126792192,"11":0.5081888437,"12":0.5029215813,"13":0.4969667792,"14":0.4916181564,"15":0.4866659343,"16":0.4817542136,"17":0.4756978452,"18":0.4695177078,"19":0.462882787,"20":0.4568482339,"21":0.4515095949,"22":0.4468093812,"23":0.4427339137,"24":0.4392935932,"25":0.4362158477,"26":0.4335110784,"27":0.4313464165,"28":0.4289239049,"29":0.4271366298,"30":0.4253845513,"31":0.423571527,"32":0.4216371477,"33":0.4202617109,"34":0.4189144671,"35":0.4175187945,"36":0.4163115919,"37":0.4149033725,"38":0.4135304689,"39":0.4123637378,"40":0.4114002883,"41":0.4097507894,"42":0.4089237452,"43":0.4078145921,"44":0.406529814,"45":0.4059586525,"46":0.4046889544,"47":0.4038184881,"48":0.4022451639,"49":0.4017824531,"50":0.4007164538,"51":0.399541527,"52":0.3984501064,"53":0.3976526856,"54":0.3965590894,"55":0.3958068788,"56":0.3951015174,"57":0.3935806155,"58":0.3934107125,"59":0.3922776878,"60":0.3914429843,"61":0.3906656206,"62":0.3902223706,"63":0.3892751038,"64":0.3884204626,"65":0.3875702024,"66":0.3873229325,"67":0.3864507377,"68":0.3860124946,"69":0.3856957257,"70":0.3849458992,"71":0.3843423128,"72":0.3836476505,"73":0.383602351,"74":0.3830355704,"75":0.3823032379,"76":0.3816690445,"77":0.3817185462},"accuracy":{"0":0.6000090837,"1":0.6718308926,"2":0.6823366284,"3":0.6929469109,"4":0.6988839507,"5":0.7043209672,"6":0.7103307247,"7":0.714717567,"8":0.7213047147,"9":0.7278645039,"10":0.735660851,"11":0.7471939921,"12":0.7584180236,"13":0.7674099207,"14":0.7726514339,"15":0.7745289207,"16":0.7766836882,"17":0.7807432413,"18":0.7839118242,"19":0.7870030403,"20":0.7904898524,"21":0.7931946516,"22":0.7953585386,"23":0.7984179854,"24":0.799618125,"25":0.8024366498,"26":0.8034367561,"27":0.8050051332,"28":0.8060552478,"29":0.8069098592,"30":0.8081873059,"31":0.809228301,"32":0.8101284504,"33":0.8105829954,"34":0.8114285469,"35":0.8120695353,"36":0.8121786714,"37":0.8130969405,"38":0.8136287928,"39":0.8149789572,"40":0.8160108924,"41":0.81637007,"42":0.8169609904,"43":0.8174065351,"44":0.8179975152,"45":0.8190294504,"46":0.8195204139,"47":0.8198977113,"48":0.8203932047,"49":0.8217570186,"50":0.8219479322,"51":0.8224025369,"52":0.8229162693,"53":0.8231344223,"54":0.8239799738,"55":0.8241936564,"56":0.824775517,"57":0.8256983757,"58":0.8250483274,"59":0.8263030052,"60":0.8266575933,"61":0.8265075684,"62":0.8275485635,"63":0.8278622627,"64":0.828271389,"65":0.8287941813,"66":0.8286941648,"67":0.8291396499,"68":0.8298534155,"69":0.8296442628,"70":0.8301170468,"71":0.8305716515,"72":0.8306307793,"73":0.8307443857,"74":0.8306307793,"75":0.8313671947,"76":0.8316172361,"77":0.831626296},"lr":{"0":0.0009999952,"1":0.0009999952,"2":0.0009999952,"3":0.0009999952,"4":0.0009999952,"5":0.0009999952,"6":0.0009999952,"7":0.0009999952,"8":0.0009999952,"9":0.0009999952,"10":0.0009999952,"11":0.0009999952,"12":0.0009999952,"13":0.0009999952,"14":0.0009999952,"15":0.0009999952,"16":0.0009999952,"17":0.0009999952,"18":0.0009999952,"19":0.0009999952,"20":0.0009999952,"21":0.0009999952,"22":0.0009999952,"23":0.0009999952,"24":0.0009999952,"25":0.0009999952,"26":0.0009999952,"27":0.0009999952,"28":0.0009999952,"29":0.0009999952,"30":0.0009999952,"31":0.0009999952,"32":0.0009999952,"33":0.0009999952,"34":0.0009999952,"35":0.0009999952,"36":0.0009999952,"37":0.0009999952,"38":0.0009999952,"39":0.0009999952,"40":0.0009999952,"41":0.0009999952,"42":0.0009999952,"43":0.0009999952,"44":0.0009999952,"45":0.0009999952,"46":0.0009999952,"47":0.0009999952,"48":0.0009999952,"49":0.0009999952,"50":0.0009999952,"51":0.0009999952,"52":0.0009999952,"53":0.0009999952,"54":0.0009999952,"55":0.0009999952,"56":0.0009999952,"57":0.0009999952,"58":0.0009999952,"59":0.0009999952,"60":0.0009999952,"61":0.0009999952,"62":0.0009999952,"63":0.0009999952,"64":0.0009999952,"65":0.0009999952,"66":0.0009999952,"67":0.0009999952,"68":0.0009999952,"69":0.0009999952,"70":0.0009999952,"71":0.0009999952,"72":0.0009999952,"73":0.0009999952,"74":0.0009999952,"75":0.0009999952,"76":0.0009999952,"77":0.0009999952},"val_loss":{"0":0.5999549031,"1":0.5760287046,"2":0.5567630529,"3":0.5414301157,"4":0.5365075469,"5":0.5284529328,"6":0.5242477059,"7":0.5215823054,"8":0.5171673894,"9":0.5140666366,"10":0.5123611689,"11":0.506331861,"12":0.4984773397,"13":0.4928738773,"14":0.4883088171,"15":0.4845493138,"16":0.4778086841,"17":0.4715847075,"18":0.4649010897,"19":0.4589244723,"20":0.4570943713,"21":0.4477958083,"22":0.4493167698,"23":0.4404653907,"24":0.4358106852,"25":0.4325122535,"26":0.4327533543,"27":0.4284139872,"28":0.426550895,"29":0.4259634316,"30":0.4232414961,"31":0.4209837615,"32":0.420504272,"33":0.4207666218,"34":0.4168596864,"35":0.4204770029,"36":0.4153994918,"37":0.4152027369,"38":0.4123434424,"39":0.4105744064,"40":0.4093779922,"41":0.4087311327,"42":0.4069989622,"43":0.4063903689,"44":0.4095612466,"45":0.4073342979,"46":0.4054975808,"47":0.4024654329,"48":0.4017455578,"49":0.404430151,"50":0.4009239674,"51":0.4004641473,"52":0.3973344862,"53":0.3990248442,"54":0.3973682523,"55":0.3963133693,"56":0.3926976621,"57":0.408762604,"58":0.392127037,"59":0.391425252,"60":0.3906052113,"61":0.3906674385,"62":0.391189307,"63":0.3909742534,"64":0.39063254,"65":0.3886376619,"66":0.3866172433,"67":0.3879127502,"68":0.3837751448,"69":0.388320595,"70":0.3831551075,"71":0.3846434653,"72":0.3837971985,"73":0.3836821914,"74":0.3819020987,"75":0.383962512,"76":0.380807519,"77":0.3803155422},"val_accuracy":{"0":0.6687669158,"1":0.6831980944,"2":0.6947494149,"3":0.6941129565,"4":0.6962131858,"5":0.7090851068,"6":0.7129514813,"7":0.7169132829,"8":0.7234845161,"9":0.734590292,"10":0.7440891266,"11":0.7429435253,"12":0.7678599954,"13":0.7731105685,"14":0.7705011964,"15":0.772171855,"16":0.7813206315,"17":0.7845346332,"18":0.7863643765,"19":0.7888146639,"20":0.7881941199,"21":0.7956244946,"22":0.7933174372,"23":0.7997772694,"24":0.803945899,"25":0.8040573001,"26":0.8024502993,"27":0.8073985577,"28":0.8063006997,"29":0.8060461283,"30":0.8106284738,"31":0.810230732,"32":0.8109307885,"33":0.8101829886,"34":0.8121559024,"35":0.8101989031,"36":0.8116785884,"37":0.8127446175,"38":0.8133969903,"39":0.815513134,"40":0.8168973923,"41":0.8179315925,"42":0.8187907934,"43":0.8174065351,"44":0.8169451356,"45":0.8152585626,"46":0.8184725642,"47":0.8213683367,"48":0.8216865659,"49":0.8210182786,"50":0.8239141107,"51":0.8204613924,"52":0.8247414231,"53":0.8213842511,"54":0.8217183948,"55":0.825393796,"56":0.826348424,"57":0.8113762736,"58":0.825743854,"59":0.8277167678,"60":0.8281941414,"61":0.8261256814,"62":0.8256801963,"63":0.8259188533,"64":0.8270167112,"65":0.8279872537,"66":0.8291805983,"67":0.8273508549,"68":0.8305489421,"69":0.8285600543,"70":0.8309466839,"71":0.8278122544,"72":0.8303261995,"73":0.8289578557,"74":0.8327923417,"75":0.8297852278,"76":0.8319967985,"77":0.8325855136},"val_lr":{"0":0.0010000006,"1":0.0010000006,"2":0.0010000006,"3":0.0010000006,"4":0.0010000006,"5":0.0010000006,"6":0.0010000006,"7":0.0010000006,"8":0.0010000006,"9":0.0010000006,"10":0.0010000006,"11":0.0010000006,"12":0.0010000006,"13":0.0010000006,"14":0.0010000006,"15":0.0010000006,"16":0.0010000006,"17":0.0010000006,"18":0.0010000006,"19":0.0010000006,"20":0.0010000006,"21":0.0010000006,"22":0.0010000006,"23":0.0010000006,"24":0.0010000006,"25":0.0010000006,"26":0.0010000006,"27":0.0010000006,"28":0.0010000006,"29":0.0010000006,"30":0.0010000006,"31":0.0010000006,"32":0.0010000006,"33":0.0010000006,"34":0.0010000006,"35":0.0010000006,"36":0.0010000006,"37":0.0010000006,"38":0.0010000006,"39":0.0010000006,"40":0.0010000006,"41":0.0010000006,"42":0.0010000006,"43":0.0010000006,"44":0.0010000006,"45":0.0010000006,"46":0.0010000006,"47":0.0010000006,"48":0.0010000006,"49":0.0010000006,"50":0.0010000006,"51":0.0010000006,"52":0.0010000006,"53":0.0010000006,"54":0.0010000006,