{"loss":{"0":0.6740604639,"1":0.5738845468,"2":0.5518359542,"3":0.5421522856,"4":0.5378538966,"5":0.5347732306,"6":0.5326336622,"7":0.5305777788,"8":0.5287490487,"9":0.5255440474,"10":0.5213803649,"11":0.5171310902,"12":0.51247859,"13":0.5085806847,"14":0.5044993758,"15":0.5001420379,"16":0.4957810938,"17":0.4910788238,"18":0.4860528111,"19":0.4814729393,"20":0.4772581458,"21":0.4733074307,"22":0.4693632126,"23":0.4653301835,"24":0.4613787532,"25":0.4577282071,"26":0.4541627467,"27":0.4510684311,"28":0.4483784139,"29":0.4452480078,"30":0.4432265162,"31":0.4406119585,"32":0.4386325777,"33":0.4364163578,"34":0.4348953068,"35":0.4331288636,"36":0.4306405783,"37":0.4298588037,"38":0.4277075231,"39":0.4271636605,"40":0.4249491692,"41":0.423735857,"42":0.4221039116,"43":0.4207809567,"44":0.4194136262,"45":0.4183456004,"46":0.4171955585,"47":0.4160950482,"48":0.4148354232,"49":0.4135253727,"50":0.4128358662,"51":0.4115582407,"52":0.4105502069,"53":0.4096271992,"54":0.4082531035,"55":0.4071249366,"56":0.4065216482,"57":0.4049275517,"58":0.4045132399,"59":0.4029332101,"60":0.4022926986,"61":0.4005226791,"62":0.4001680315,"63":0.3991315365,"64":0.3981398046,"65":0.3969933093,"66":0.3965014219,"67":0.3952353001,"68":0.3944647908,"69":0.3931092322,"70":0.3930819929,"71":0.3916389942,"72":0.3908023238,"73":0.3906106055,"74":0.3898305893,"75":0.3890044689,"76":0.3879814744,"77":0.3870614171,"78":0.3860463798,"79":0.3852930069,"80":0.3853261769},"accuracy":{"0":0.5783157349,"1":0.6798726916,"2":0.691105783,"3":0.6978065968,"4":0.6991794705,"5":0.6994022131,"6":0.6998613477,"7":0.7005614042,"8":0.7025389075,"9":0.7072212696,"10":0.7146311998,"11":0.7205591798,"12":0.7264552712,"13":0.7315831184,"14":0.73746562,"15":0.7435981631,"16":0.7500261664,"17":0.7544311881,"18":0.7596454024,"19":0.7633821964,"20":0.7679918408,"21":0.7715740204,"22":0.7758563757,"23":0.7790703773,"24":0.7836390734,"25":0.7874894738,"26":0.7908898592,"27":0.7937765718,"28":0.7966268659,"29":0.7995727062,"30":0.801186502,"31":0.8046050668,"32":0.8053824306,"33":0.8075053692,"34":0.808873713,"35":0.8109785318,"36":0.8128150702,"37":0.8133788109,"38":0.8146516681,"39":0.8153563142,"40":0.8169974089,"41":0.8178520203,"42":0.8189749122,"43":0.8204023242,"44":0.8206341863,"45":0.8212433457,"46":0.8221570849,"47":0.8226662278,"48":0.8232572079,"49":0.8239345551,"50":0.8252301216,"51":0.8254574537,"52":0.8257074952,"53":0.8271349072,"54":0.8280759454,"55":0.8278713226,"56":0.8287760019,"57":0.8299761415,"58":0.829698801,"59":0.8310717344,"60":0.8320763707,"61":0.8327582479,"62":0.8330901265,"63":0.8338901997,"64":0.8348948956,"65":0.8357722759,"66":0.8358950019,"67":0.8366632462,"68":0.8374997377,"69":0.8380679488,"70":0.8385407329,"71":0.8391362429,"72":0.8397318125,"73":0.839954555,"74":0.840795517,"75":0.8407500982,"76":0.8419320583,"77":0.8424957395,"78":0.8431503773,"79":0.8434003592,"80":0.8429730535},"lr":{"0":0.0009999952,"1":0.0009999952,"2":0.0009999952,"3":0.0009999952,"4":0.0009999952,"5":0.0009999952,"6":0.0009999952,"7":0.0009999952,"8":0.0009999952,"9":0.0009999952,"10":0.0009999952,"11":0.0009999952,"12":0.0009999952,"13":0.0009999952,"14":0.0009999952,"15":0.0009999952,"16":0.0009999952,"17":0.0009999952,"18":0.0009999952,"19":0.0009999952,"20":0.0009999952,"21":0.0009999952,"22":0.0009999952,"23":0.0009999952,"24":0.0009999952,"25":0.0009999952,"26":0.0009999952,"27":0.0009999952,"28":0.0009999952,"29":0.0009999952,"30":0.0009999952,"31":0.0009999952,"32":0.0009999952,"33":0.0009999952,"34":0.0009999952,"35":0.0009999952,"36":0.0009999952,"37":0.0009999952,"38":0.0009999952,"39":0.0009999952,"40":0.0009999952,"41":0.0009999952,"42":0.0009999952,"43":0.0009999952,"44":0.0009999952,"45":0.0009999952,"46":0.0009999952,"47":0.0009999952,"48":0.0009999952,"49":0.0009999952,"50":0.0009999952,"51":0.0009999952,"52":0.0009999952,"53":0.0009999952,"54":0.0009999952,"55":0.0009999952,"56":0.0009999952,"57":0.0009999952,"58":0.0009999952,"59":0.0009999952,"60":0.0009999952,"61":0.0009999952,"62":0.0009999952,"63":0.0009999952,"64":0.0009999952,"65":0.0009999952,"66":0.0009999952,"67":0.0009999952,"68":0.0009999952,"69":0.0009999952,"70":0.0009999952,"71":0.0009999952,"72":0.0009999952,"73":0.0009999952,"74":0.0009999952,"75":0.0009999952,"76":0.0009999952,"77":0.0009999952,"78":0.0009999952,"79":0.0009999952,"80":0.0009999952},"val_loss":{"0":0.5958410501,"1":0.5607746243,"2":0.5452322364,"3":0.5452752113,"4":0.5409709811,"5":0.5385197997,"6":0.531293869,"7":0.5291760564,"8":0.5264817476,"9":0.5224065781,"10":0.5179879665,"11":0.5182846785,"12":0.5091647506,"13":0.5102879405,"14":0.500202775,"15":0.4966260493,"16":0.4916881025,"17":0.4863019884,"18":0.4815325737,"19":0.481135577,"20":0.4747751355,"21":0.4701295495,"22":0.4702178836,"23":0.4651265442,"24":0.4595457613,"25":0.45549649,"26":0.4565191865,"27":0.4480929971,"28":0.4454059899,"29":0.4440959096,"30":0.4420718551,"31":0.4407904744,"32":0.4424505234,"33":0.4364670515,"34":0.4367295206,"35":0.4430702031,"36":0.4325886667,"37":0.430311799,"38":0.4422595203,"39":0.4287213087,"40":0.434145987,"41":0.4233397245,"42":0.4369834661,"43":0.4209077656,"44":0.4518889487,"45":0.4182760715,"46":0.4175506234,"47":0.4153995812,"48":0.4223892987,"49":0.4186958671,"50":0.4210592508,"51":0.4160650074,"52":0.4119464457,"53":0.4116787314,"54":0.4097021222,"55":0.4112939239,"56":0.4111052155,"57":0.4156093299,"58":0.4050096869,"59":0.4103941023,"60":0.4041054249,"61":0.4001053274,"62":0.3991150558,"63":0.4073331356,"64":0.398201704,"65":0.4055069089,"66":0.3949518502,"67":0.3998412788,"68":0.397646606,"69":0.4059563279,"70":0.3981610239,"71":0.3911943436,"72":0.3920684755,"73":0.4009098113,"74":0.3942412138,"75":0.3890445232,"76":0.387563765,"77":0.402859062,"78":0.3903078735,"79":0.3886624277,"80":0.3874153197},"val_accuracy":{"0":0.659093082,"1":0.6836435795,"2":0.6943834424,"3":0.6899284124,"4":0.6916467547,"5":0.701336503,"6":0.6982339025,"7":0.6993317604,"8":0.7032299042,"9":0.7111058235,"10":0.7190930843,"11":0.7161813974,"12":0.7289896607,"13":0.7220525146,"14":0.7419729233,"15":0.743611753,"16":0.750962615,"17":0.7564041615,"18":0.7645664215,"19":0.7710421681,"20":0.7644868493,"21":0.7775020003,"22":0.7725377679,"23":0.7757835984,"24":0.7823070884,"25":0.787096262,"26":0.7921718359,"27":0.7971042395,"28":0.7982975245,"29":0.8001431823,"30":0.8020047545,"31":0.8053619862,"32":0.8060142994,"33":0.807446301,"34":0.8056802154,"35":0.8063325286,"36":0.8146857619,"37":0.8129037619,"38":0.8048369288,"39":0.8160063624,"40":0.8083850145,"41":0.8181861639,"42":0.8057119846,"43":0.821511507,"44":0.7980111241,"45":0.822848022,"46":0.8235481381,"47":0.8240254521,"48":0.8200477362,"49":0.819968164,"50":0.817915678,"51":0.8225775361,"52":0.8262370825,"53":0.8252347112,"54":0.8247414231,"55":0.8260461688,"56":0.8274621964,"57":0.8228003383,"58":0.8324741721,"59":0.8269848824,"60":0.8307239413,"61":0.8333969712,"62":0.8337311149,"63":0.8269530535,"64":0.8357836008,"65":0.8285282254,"66":0.8374860883,"67":0.8325695992,"68":0.8353381157,"69":0.8277485967,"70":0.8314558268,"71":0.8391408324,"72":0.8413047194,"73":0.8311376572,"74":0.8408432603,"75":0.840079546,"76":0.8419252038,"77":0.8290532827,"78":0.8369451165,"79":0.8435481191,"80":0.8440095186},"val_lr":{"0":0.0010000006,"1":0.0010000006,"2":0.0010000006,"3":0.0010000006,"4":0.0010000006,"5":0.0010000006,"6":0.0010000006,"7":0.0010000006,"8":0.0010000006,"9":0.0010000006,"10":0.0010000006,"11":0.0010000006,"12":0.0010000006,"13":0.0010000006,"14":0.0010000006,"15":0.0010000006,"16":0.0010000006,"17":0.0010000006,"18":0.0010000006,"19":0.0010000006,"20":0.0010000006,"21":0.0010000006,"22":0.0010000006,"23":0.0010000006,"24":0.0010000006,"25":0.0010000006,"26":0.0010000006,"27":0.0010000006,"28":0.0010000006,"29":0.0010000006,"30":0.0010000006,"31":0.0010000006,"32":0.0010000006,"33":0.0010000006,"34":0.0010000006,"35":0.0010000006,"36":0.0010000006,"37":0.0010000006,"38":0.0010000006,"39":0.0010000006,