{"loss":{"0":0.6314573884,"1":0.5691991448,"2":0.5469683409,"3":0.5309257507,"4":0.5205535293,"5":0.5129603744,"6":0.5060660839,"7":0.4992446303,"8":0.4922772348,"9":0.4852109849,"10":0.4783439636,"11":0.4719007909,"12":0.4656234682,"13":0.4593156576,"14":0.4532326162,"15":0.4466154575,"16":0.438970685,"17":0.4304565489,"18":0.4228011072,"19":0.415027529,"20":0.4066807628,"21":0.3996474743,"22":0.3934950829,"23":0.3871669471,"24":0.3815837502,"25":0.3772347569,"26":0.3720063269,"27":0.3675744832,"28":0.3633798957,"29":0.3590781391,"30":0.3553575575,"31":0.3509784937,"32":0.3477780223,"33":0.3440205455,"34":0.3408583403,"35":0.3369376957,"36":0.334964335,"37":0.3316639066,"38":0.3296003044,"39":0.3268106878,"40":0.3245626688,"41":0.3227762878,"42":0.3208983541,"43":0.3187992275,"44":0.3173936903,"45":0.3148699403,"46":0.3132011592,"47":0.3109792769,"48":0.3095708787,"49":0.3077759147,"50":0.3063176572,"51":0.3045956194,"52":0.3029236495,"53":0.3020941019,"54":0.300257057,"55":0.2981785238,"56":0.297031492,"57":0.2957565784,"58":0.2944372892,"59":0.2930342555,"60":0.2925679386,"61":0.2909114361,"62":0.2903391421,"63":0.2887273729,"64":0.2885580957,"65":0.2875840366,"66":0.2859922647,"67":0.2851999998,"68":0.2850124836,"69":0.2840266526,"70":0.2825389504,"71":0.2824673653,"72":0.2820675373,"73":0.280511111,"74":0.2801596224,"75":0.2797617316,"76":0.2791042924,"77":0.2780029774,"78":0.2775252759,"79":0.277254492,"80":0.276327163,"81":0.2755481899,"82":0.2759898901},"accuracy":{"0":0.6214069724,"1":0.6790726185,"2":0.6949971318,"3":0.7085396051,"4":0.7243186831,"5":0.7371610403,"6":0.7458529472,"7":0.7541766167,"8":0.7616410851,"9":0.7683509588,"10":0.7753562927,"11":0.780593276,"12":0.7864530087,"13":0.7921763659,"14":0.7968860269,"15":0.8020138741,"16":0.8088646531,"17":0.8155654073,"18":0.8211842179,"19":0.8276167512,"20":0.8328537345,"21":0.8366268873,"22":0.8408228159,"23":0.8447096348,"24":0.8478599787,"25":0.8502511382,"26":0.8533833623,"27":0.8549153209,"28":0.8569564819,"29":0.8590521812,"30":0.860661447,"31":0.8630117178,"32":0.8644118905,"33":0.8663075566,"34":0.8678258657,"35":0.869330585,"36":0.8699715734,"37":0.8721854687,"38":0.8729673624,"39":0.8743902445,"40":0.8756858706,"41":0.8763541579,"42":0.877540648,"43":0.8794408441,"44":0.880304575,"45":0.8816502094,"46":0.8830185533,"47":0.8839777112,"48":0.8848005533,"49":0.8862597942,"50":0.886200726,"51":0.8871189952,"52":0.8885282278,"53":0.8880736232,"54":0.8895374537,"55":0.8907102942,"56":0.890778482,"57":0.8919604421,"58":0.8919377327,"59":0.8928833008,"60":0.8931651115,"61":0.8938288689,"62":0.8939197659,"63":0.8946880102,"64":0.8950835466,"65":0.8954744935,"66":0.8959927559,"67":0.8966246247,"68":0.895960927,"69":0.8970110416,"70":0.8974701762,"71":0.8976610899,"72":0.8971701264,"73":0.8986566663,"74":0.8985384703,"75":0.898224771,"76":0.8991021514,"77":0.8994022012,"78":0.8996931314,"79":0.8994749188,"80":0.9003204703,"81":0.9008387327,"82":0.9001386762},"lr":{"0":0.0009999952,"1":0.0009999952,"2":0.0009999952,"3":0.0009999952,"4":0.0009999952,"5":0.0009999952,"6":0.0009999952,"7":0.0009999952,"8":0.0009999952,"9":0.0009999952,"10":0.0009999952,"11":0.0009999952,"12":0.0009999952,"13":0.0009999952,"14":0.0009999952,"15":0.0009999952,"16":0.0009999952,"17":0.0009999952,"18":0.0009999952,"19":0.0009999952,"20":0.0009999952,"21":0.0009999952,"22":0.0009999952,"23":0.0009999952,"24":0.0009999952,"25":0.0009999952,"26":0.0009999952,"27":0.0009999952,"28":0.0009999952,"29":0.0009999952,"30":0.0009999952,"31":0.0009999952,"32":0.0009999952,"33":0.0009999952,"34":0.0009999952,"35":0.0009999952,"36":0.0009999952,"37":0.0009999952,"38":0.0009999952,"39":0.0009999952,"40":0.0009999952,"41":0.0009999952,"42":0.0009999952,"43":0.0009999952,"44":0.0009999952,"45":0.0009999952,"46":0.0009999952,"47":0.0009999952,"48":0.0009999952,"49":0.0009999952,"50":0.0009999952,"51":0.0009999952,"52":0.0009999952,"53":0.0009999952,"54":0.0009999952,"55":0.0009999952,"56":0.0009999952,"57":0.0009999952,"58":0.0009999952,"59":0.0009999952,"60":0.0009999952,"61":0.0009999952,"62":0.0009999952,"63":0.0009999952,"64":0.0009999952,"65":0.0009999952,"66":0.0009999952,"67":0.0009999952,"68":0.0009999952,"69":0.0009999952,"70":0.0009999952,"71":0.0009999952,"72":0.0009999952,"73":0.0009999952,"74":0.0009999952,"75":0.0009999952,"76":0.0009999952,"77":0.0009999952,"78":0.0009999952,"79":0.0009999952,"80":0.0009999952,"81":0.0009999952,"82":0.0009999952},"val_loss":{"0":0.5820583105,"1":0.5606613159,"2":0.5386040807,"3":0.522949934,"4":0.5141708255,"5":0.5084629655,"6":0.5003179312,"7":0.4948402345,"8":0.4853862822,"9":0.4798830152,"10":0.4723179936,"11":0.4668348432,"12":0.4596473873,"13":0.4570832253,"14":0.4495932162,"15":0.4412577152,"16":0.4325379729,"17":0.4242987931,"18":0.4176711142,"19":0.4115254283,"20":0.4026073813,"21":0.3977533877,"22":0.3912504911,"23":0.382525593,"24":0.3795103431,"25":0.3778784871,"26":0.369363308,"27":0.3741612732,"28":0.3623395264,"29":0.3549596965,"30":0.3714366257,"31":0.3488771617,"32":0.3465139866,"33":0.3432523608,"34":0.3496353328,"35":0.3378475606,"36":0.331546098,"37":0.3285301626,"38":0.3265190125,"39":0.3240228891,"40":0.3349295259,"41":0.3281034231,"42":0.3181874454,"43":0.3158278465,"44":0.3251641691,"45":0.3192932308,"46":0.3228019476,"47":0.3098534942,"48":0.3081799746,"49":0.3069416583,"50":0.3146467805,"51":0.316441834,"52":0.3121820986,"53":0.3021284938,"54":0.2998560667,"55":0.2969661653,"56":0.3007359207,"57":0.2921477854,"58":0.2934055924,"59":0.293389231,"60":0.3023328483,"61":0.2901321352,"62":0.2884729207,"63":0.2957344353,"64":0.2843503952,"65":0.2878265977,"66":0.2840474546,"67":0.3322053552,"68":0.2907611728,"69":0.2833862305,"70":0.2901229262,"71":0.2881753445,"72":0.2792833447,"73":0.2812099159,"74":0.2853058875,"75":0.2775296569,"76":0.2778073251,"77":0.2761189342,"78":0.2813716233,"79":0.2747902274,"80":0.2791907191,"81":0.2831602097,"82":0.310449779},"val_accuracy":{"0":0.6793158054,"1":0.6951312423,"2":0.6977725029,"3":0.7149243951,"4":0.7298488617,"5":0.7490532994,"6":0.7508830428,"7":0.7598090768,"8":0.7675099373,"9":0.7703738809,"10":0.7799204588,"11":0.7868098617,"12":0.7940174937,"13":0.7959268093,"14":0.8017024398,"15":0.8064439297,"16":0.812490046,"17":0.8205727935,"18":0.8264916539,"19":0.8296419978,"20":0.8362450004,"21":0.8373587728,"22":0.84055686,"23":0.8505966663,"24":0.8483372927,"25":0.8473190069,"26":0.8540174961,"27":0.8531742096,"28":0.8579156995,"29":0.8631344438,"30":0.8482100368,"31":0.8641368151,"32":0.8661257029,"33":0.8665075302,"34":0.8603500128,"35":0.8693715334,"36":0.8750994205,"37":0.875019908,"38":0.8744630218,"39":0.8756563067,"40":0.8731583357,"41":0.8717104197,"42":0.8789180517,"43":0.8809864521,"44":0.8743357062,"45":0.8773428798,"46":0.8760063648,"47":0.88846457,"48":0.8904693723,"49":0.8863643408,"50":0.8801432252,"51":0.8824025393,"52":0.8859506845,"53":0.889705658,"54":0.8929514885,"55":0.8920763731,"56":0.8873826861,"57":0.8962768316,"58":0.8928560019,"59":0.8915035725,"60":0.8909148574,"61":0.8955767751,"62":0.8961495757,"63":0.8951948881,"64":0.8992840052,"65":0.8933174014,"66":0.9008591771,"67":0.8576133847,"68":0.8972156048,"69":0.8974542618,"70":0.8920604587,"71":0.89513129,"72":0.902100265,"73":0.8964518905,"74":0.8991567492,"75":0.9003182054,"76":0.9022593498,"77":0.9014478922,"78":0.9039459229,"79":0.9055370092,"80":0.8972474337,"81":0.8960222602,"82":0.8796976805},"val_lr":{"0":0.0010000006,"1":0.0010000006,"2":0.0010000006,"3":0.0010000006,"4":0.0010000006,"5":0.0010000006,"6":0.0010000006,"7":0.0010000006,"8":0.0010000006,"9":0.0010000006,"10":0.0010000006,"11":0.0010000006,"12":0.0010000006,"13":0.0010000006,"14":0.0010000006,"15":0.0010000006,"16":0.0010000006,"17":0.0010000006,"18":0.0010000006,"19":0.0010000006,"20":0.0010000006,"21":0.0010000006,"22":0.0010000006,"23":0.0010000006,"24":0.0010000006,"25":0.0010000006,"26":0.0010000006,"27":0.0010000006,"28":0.0010000006,"29":0.0010000006,