{"loss":{"0":0.6625247002,"1":0.5871624351,"2":0.5635793209,"3":0.5408329964,"4":0.5326380134,"5":0.5288046002,"6":0.5262906551,"7":0.5240897536,"8":0.5220974088,"9":0.5203433633,"10":0.5183935165,"11":0.516417861,"12":0.5144073367,"13":0.5117387772,"14":0.5085482001,"15":0.5051149726,"16":0.5008721948,"17":0.4955818951,"18":0.4894199371,"19":0.4828962088,"20":0.4765673876,"21":0.4700489044,"22":0.4648861289,"23":0.4589938819,"24":0.4542734027,"25":0.4502998292,"26":0.4461838305,"27":0.4426347911,"28":0.4395505488,"29":0.4362950027,"30":0.4336473644,"31":0.431017369,"32":0.4280521572,"33":0.4261623919,"34":0.4236088395,"35":0.4221201241,"36":0.4194589555,"37":0.4179581702,"38":0.4166146815,"39":0.4149837792,"40":0.4131382406,"41":0.4121859372,"42":0.4107197821,"43":0.409509033,"44":0.4078932405,"45":0.4066625535,"46":0.406149596,"47":0.404291153,"48":0.403639704,"49":0.4021746218,"50":0.4013803899,"51":0.4005873799,"52":0.3994662762,"53":0.3986309469,"54":0.3972870111,"55":0.3968073726,"56":0.396032989,"57":0.3948067725,"58":0.393843472,"59":0.3933378756,"60":0.3921476901,"61":0.3911935091,"62":0.390986383,"63":0.3904554546,"64":0.3893586993,"65":0.3883869946,"66":0.388027966,"67":0.3880468011},"accuracy":{"0":0.5908898711,"1":0.6670258045,"2":0.6804454923,"3":0.6974201798,"4":0.7059620619,"5":0.7098397613,"6":0.7133128643,"7":0.7159813643,"8":0.7190680504,"9":0.7221775055,"10":0.7245505452,"11":0.7281827331,"12":0.7311285138,"13":0.7354562879,"14":0.7415888309,"15":0.7475031018,"16":0.7548903227,"17":0.762054801,"18":0.7701739073,"19":0.7765791416,"20":0.7818616033,"21":0.7868439555,"22":0.7902079821,"23":0.7937538624,"24":0.7963587046,"25":0.7985816598,"26":0.8004046082,"27":0.8025457263,"28":0.8043550253,"29":0.8067734838,"30":0.8082145452,"31":0.8097010851,"32":0.8121013641,"33":0.8132424355,"34":0.815151751,"35":0.8160290718,"36":0.817201972,"37":0.817920208,"38":0.8186703324,"39":0.8196022511,"40":0.8207114339,"41":0.8211160302,"42":0.8217570186,"43":0.8226071,"44":0.8229571581,"45":0.823943615,"46":0.8240209222,"47":0.8251574039,"48":0.8250983357,"49":0.8258438706,"50":0.8263302445,"51":0.8265575767,"52":0.8277031183,"53":0.8277713656,"54":0.8283305168,"55":0.8288033009,"56":0.8293442726,"57":0.8297988176,"58":0.8304170966,"59":0.8310944438,"60":0.8309898973,"61":0.8322218657,"62":0.832126379,"63":0.8331856132,"64":0.832508266,"65":0.8331083059,"66":0.8337447643,"67":0.8338265419},"lr":{"0":0.0009999952,"1":0.0009999952,"2":0.0009999952,"3":0.0009999952,"4":0.0009999952,"5":0.0009999952,"6":0.0009999952,"7":0.0009999952,"8":0.0009999952,"9":0.0009999952,"10":0.0009999952,"11":0.0009999952,"12":0.0009999952,"13":0.0009999952,"14":0.0009999952,"15":0.0009999952,"16":0.0009999952,"17":0.0009999952,"18":0.0009999952,"19":0.0009999952,"20":0.0009999952,"21":0.0009999952,"22":0.0009999952,"23":0.0009999952,"24":0.0009999952,"25":0.0009999952,"26":0.0009999952,"27":0.0009999952,"28":0.0009999952,"29":0.0009999952,"30":0.0009999952,"31":0.0009999952,"32":0.0009999952,"33":0.0009999952,"34":0.0009999952,"35":0.0009999952,"36":0.0009999952,"37":0.0009999952,"38":0.0009999952,"39":0.0009999952,"40":0.0009999952,"41":0.0009999952,"42":0.0009999952,"43":0.0009999952,"44":0.0009999952,"45":0.0009999952,"46":0.0009999952,"47":0.0009999952,"48":0.0009999952,"49":0.0009999952,"50":0.0009999952,"51":0.0009999952,"52":0.0009999952,"53":0.0009999952,"54":0.0009999952,"55":0.0009999952,"56":0.0009999952,"57":0.0009999952,"58":0.0009999952,"59":0.0009999952,"60":0.0009999952,"61":0.0009999952,"62":0.0009999952,"63":0.0009999952,"64":0.0009999952,"65":0.0009999952,"66":0.0009999952,"67":0.0009999952},"val_loss":{"0":0.599049449,"1":0.5795227885,"2":0.5498063564,"3":0.5363071561,"4":0.5346371531,"5":0.530392468,"6":0.5257365704,"7":0.521310389,"8":0.5195293427,"9":0.5181515217,"10":0.516530931,"11":0.5143440962,"12":0.5114106536,"13":0.5082455277,"14":0.5072854757,"15":0.5010576844,"16":0.4969601333,"17":0.4900349081,"18":0.486941427,"19":0.4774807096,"20":0.4710961878,"21":0.4689947069,"22":0.4596705735,"23":0.4554591775,"24":0.4597448111,"25":0.448392272,"26":0.4434909225,"27":0.4444469512,"28":0.4432174265,"29":0.434078604,"30":0.4313225746,"31":0.4282203317,"32":0.4334129393,"33":0.4249426126,"34":0.4249633551,"35":0.4202522933,"36":0.4269667268,"37":0.4161176682,"38":0.4149466455,"39":0.4141720831,"40":0.412668407,"41":0.4128820002,"42":0.4106419683,"43":0.4084799886,"44":0.4118590057,"45":0.4044830799,"46":0.4043853879,"47":0.4039548039,"48":0.4026996195,"49":0.4011968076,"50":0.4021658003,"51":0.4003523588,"52":0.3983902037,"53":0.4023409486,"54":0.3961236775,"55":0.4003764093,"56":0.3953598738,"57":0.3937695026,"58":0.3934025168,"59":0.3958713412,"60":0.395142138,"61":0.3937613666,"62":0.3958603442,"63":0.387983948,"64":0.39014256,"65":0.388877362,"66":0.3892861009,"67":0.3868606985},"val_accuracy":{"0":0.6623866558,"1":0.681129694,"2":0.6852983236,"3":0.6986793876,"4":0.7098170519,"5":0.7108353376,"6":0.7186635137,"7":0.7171996832,"8":0.7212410569,"9":0.7229117155,"10":0.7272553444,"11":0.7313922048,"12":0.7357199788,"13":0.7382179499,"14":0.7454574108,"15":0.7554335594,"16":0.7550517321,"17":0.7710103393,"18":0.7714399099,"19":0.7809705734,"20":0.7888305783,"21":0.7811455727,"22":0.7940811515,"23":0.8003977537,"24":0.7900079489,"25":0.7967064381,"26":0.8071758151,"27":0.8025138974,"28":0.8071599007,"29":0.8134606481,"30":0.814303875,"31":0.8156086206,"32":0.8112649322,"33":0.8185203075,"34":0.8129832745,"35":0.8156563044,"36":0.8090692163,"37":0.8199045062,"38":0.8183770776,"39":0.8236117959,"40":0.8208114505,"41":0.8194749355,"42":0.8205250502,"43":0.8254415393,"44":0.8235163093,"45":0.8272076249,"46":0.8273667693,"47":0.8263802528,"48":0.8275735974,"49":0.8283213973,"50":0.8259029388,"51":0.830437541,"52":0.8305489421,"53":0.8247414231,"54":0.8298647404,"55":0.8254256248,"56":0.8313444853,"57":0.8310103416,"58":0.8322036862,"59":0.8306443691,"60":0.8317422271,"61":0.8343198299,"62":0.8279713392,"63":0.8355290294,"64":0.8325855136,"65":0.8352426291,"66":0.8371042013,"67":0.8329514861},"val_lr":{"0":0.0010000006,"1":0.0010000006,"2":0.0010000006,"3":0.0010000006,"4":0.0010000006,"5":0.0010000006,"6":0.0010000006,"7":0.0010000006,"8":0.0010000006,"9":0.0010000006,"10":0.0010000006,"11":0.0010000006,"12":0.0010000006,"13":0.0010000006,"14":0.0010000006,"15":0.0010000006,"16":0.0010000006,"17":0.0010000006,"18":0.0010000006,"19":0.0010000006,"20":0.0010000006,"21":0.0010000006,"22":0.0010000006,"23":0.0010000006,"24":0.0010000006,"25":0.0010000006,"26":0.0010000006,"27":0.0010000006,"28":0.0010000006,"29":0.0010000006,"30":0.0010000006,"31":0.0010000006,"32":0.0010000006,"33":0.0010000006,"34":0.0010000006,"35":0.0010000006,"36":0.0010000006,"37":0.0010000006,"38":0.0010000006,"39":0.0010000006,"40":0.0010000006,"41":0.0010000006,"42":0.0010000006,"43":0.0010000006,"44":0.0010000006,"45":0.0010000006,"46":0.0010000006,"47":0.0010000006,"48":0.0010000006,"49":0.0010000006,"50":0.0010000006,"51":0.0010000006,"52":0.0010000006,"53":0.0010000006,"54":0.0010000006,"55":0.0010000006,"56":0.0010000006,"57":0.0010000006,"58":0.0010000006,"59":0.0010000006,"60":0.0010000006,"61":0.0010000006,"62":0.0010000006,"63":0.0010000006,"64":0.0010000006,"65":0.0010000006,"66":0.0010000006,"67":0.0010000006}}